num_regions,num_heights,seed,endurance,method,objective,solve_time,mip_gap,first_incumbent_obj,first_incumbent_time,heuristic_obj,heuristic_time,num_ops,status,n_vars,n_constrs
1,1,0,300,heuristic,162.2926,0.02,,,,,0.02,1,HEURISTIC,,
1,1,0,300,edges,162.1280,0.11,0.0000,183.5364,0.01,,0.02,1,OPTIMAL,206,363
1,1,0,300,edges_ws,162.1280,0.05,0.0000,162.2926,0.00,162.2926,0.02,1,OPTIMAL,206,363
1,1,0,450,heuristic,162.2926,0.02,,,,,0.02,1,HEURISTIC,,
1,1,0,450,edges,162.1280,0.07,0.0000,183.5364,0.00,,0.02,1,OPTIMAL,206,363
1,1,0,450,edges_ws,162.1280,0.06,0.0000,162.2926,0.00,162.2926,0.02,1,OPTIMAL,206,363
1,1,0,600,heuristic,162.2926,0.02,,,,,0.02,1,HEURISTIC,,
1,1,0,600,edges,162.1280,0.08,0.0000,183.5364,0.00,,0.02,1,OPTIMAL,206,363
1,1,0,600,edges_ws,162.1280,0.06,0.0000,162.2926,0.00,162.2926,0.02,1,OPTIMAL,206,363
1,1,0,900,heuristic,162.2926,0.02,,,,,0.02,1,HEURISTIC,,
1,1,0,900,edges,162.1280,0.18,0.0000,183.5364,0.00,,0.02,1,OPTIMAL,206,363
1,1,0,900,edges_ws,162.1280,0.09,0.0000,162.2926,0.00,162.2926,0.02,1,OPTIMAL,206,363
1,1,0,1500,heuristic,162.2926,0.02,,,,,0.02,1,HEURISTIC,,
1,1,0,1500,edges,162.1280,0.07,0.0000,183.5364,0.00,,0.02,1,OPTIMAL,206,363
1,1,0,1500,edges_ws,162.1280,0.06,0.0000,162.2926,0.00,162.2926,0.02,1,OPTIMAL,206,363
1,1,0,2400,heuristic,162.2926,0.02,,,,,0.02,1,HEURISTIC,,
1,1,0,2400,edges,162.1280,0.12,0.0000,183.5364,0.00,,0.02,1,OPTIMAL,206,363
1,1,0,2400,edges_ws,162.1280,0.07,0.0000,162.2926,0.00,162.2926,0.02,1,OPTIMAL,206,363
1,1,1,300,heuristic,136.6622,0.02,,,,,0.02,1,HEURISTIC,,
1,1,1,300,edges,135.5122,0.14,0.0000,138.5629,0.05,,0.02,1,OPTIMAL,206,363
1,1,1,300,edges_ws,135.5122,0.09,0.0000,136.6622,0.00,136.6622,0.02,1,OPTIMAL,206,363
1,1,1,450,heuristic,136.6622,0.02,,,,,0.02,1,HEURISTIC,,
1,1,1,450,edges,135.5122,0.09,0.0000,160.4079,0.02,,0.02,1,OPTIMAL,206,363
1,1,1,450,edges_ws,135.5122,0.12,0.0000,136.6622,0.00,136.6622,0.02,1,OPTIMAL,206,363
1,1,1,600,heuristic,136.6622,0.02,,,,,0.02,1,HEURISTIC,,
1,1,1,600,edges,135.5122,0.13,0.0000,160.4079,0.02,,0.02,1,OPTIMAL,206,363
1,1,1,600,edges_ws,135.5122,0.13,0.0000,136.6622,0.00,136.6622,0.02,1,OPTIMAL,206,363
1,1,1,900,heuristic,136.6622,0.02,,,,,0.02,1,HEURISTIC,,
1,1,1,900,edges,135.5122,0.17,0.0000,160.4079,0.02,,0.02,1,OPTIMAL,206,363
1,1,1,900,edges_ws,135.5122,0.17,0.0000,136.6622,0.00,136.6622,0.02,1,OPTIMAL,206,363
1,1,1,1500,heuristic,136.6622,0.02,,,,,0.02,1,HEURISTIC,,
1,1,1,1500,edges,135.5122,0.18,0.0000,160.4079,0.02,,0.02,1,OPTIMAL,206,363
1,1,1,1500,edges_ws,135.5122,0.15,0.0000,136.6622,0.00,136.6622,0.02,1,OPTIMAL,206,363
1,1,1,2400,heuristic,136.6622,0.02,,,,,0.02,1,HEURISTIC,,
1,1,1,2400,edges,135.5122,0.11,0.0000,160.4079,0.02,,0.02,1,OPTIMAL,206,363
1,1,1,2400,edges_ws,135.5122,0.14,0.0000,136.6622,0.00,136.6622,0.02,1,OPTIMAL,206,363
1,1,2,300,heuristic,193.1788,0.02,,,,,0.02,1,HEURISTIC,,
1,1,2,300,edges,193.0163,0.21,0.0000,194.0776,0.02,,0.02,1,OPTIMAL,206,363
1,1,2,300,edges_ws,193.0163,0.07,0.0000,193.1788,0.00,193.1788,0.02,1,OPTIMAL,206,363
1,1,2,450,heuristic,193.1788,0.02,,,,,0.02,1,HEURISTIC,,
1,1,2,450,edges,193.0163,0.12,0.0000,194.0776,0.02,,0.02,1,OPTIMAL,206,363
1,1,2,450,edges_ws,193.0163,0.08,0.0000,193.1788,0.00,193.1788,0.02,1,OPTIMAL,206,363
1,1,2,600,heuristic,193.1788,0.02,,,,,0.02,1,HEURISTIC,,
1,1,2,600,edges,193.0163,0.13,0.0000,194.0776,0.02,,0.02,1,OPTIMAL,206,363
1,1,2,600,edges_ws,193.0163,0.09,0.0000,193.1788,0.00,193.1788,0.02,1,OPTIMAL,206,363
1,1,2,900,heuristic,193.1788,0.02,,,,,0.02,1,HEURISTIC,,
1,1,2,900,edges,193.0163,0.13,0.0000,194.0776,0.02,,0.02,1,OPTIMAL,206,363
1,1,2,900,edges_ws,193.0163,0.10,0.0000,193.1788,0.00,193.1788,0.02,1,OPTIMAL,206,363
1,1,2,1500,heuristic,193.1788,0.02,,,,,0.02,1,HEURISTIC,,
1,1,2,1500,edges,193.0163,0.14,0.0000,194.0776,0.02,,0.02,1,OPTIMAL,206,363
1,1,2,1500,edges_ws,193.0163,0.08,0.0000,193.1788,0.00,193.1788,0.02,1,OPTIMAL,206,363
1,1,2,2400,heuristic,193.1788,0.02,,,,,0.02,1,HEURISTIC,,
1,1,2,2400,edges,193.0163,0.12,0.0000,194.0776,0.02,,0.02,1,OPTIMAL,206,363
1,1,2,2400,edges_ws,193.0163,0.12,0.0000,193.1788,0.00,193.1788,0.02,1,OPTIMAL,206,363
1,1,3,300,heuristic,205.7875,0.03,,,,,0.03,1,HEURISTIC,,
1,1,3,300,edges,203.6765,1.33,0.0000,205.1868,0.07,,0.03,1,OPTIMAL,415,707
1,1,3,300,edges_ws,203.6765,0.80,0.0000,205.7875,0.00,205.7875,0.03,1,OPTIMAL,415,707
1,1,3,450,heuristic,205.7875,0.03,,,,,0.03,1,HEURISTIC,,
1,1,3,450,edges,203.6765,1.57,0.0000,205.1868,0.08,,0.03,1,OPTIMAL,415,707
1,1,3,450,edges_ws,203.6765,1.00,0.0000,205.7875,0.00,205.7875,0.03,1,OPTIMAL,415,707
1,1,3,600,heuristic,205.7875,0.03,,,,,0.03,1,HEURISTIC,,
1,1,3,600,edges,203.6765,1.60,0.0000,205.1868,0.08,,0.03,1,OPTIMAL,415,707
1,1,3,600,edges_ws,203.6765,1.19,0.0000,205.7875,0.00,205.7875,0.03,1,OPTIMAL,415,707
1,1,3,900,heuristic,205.7875,0.03,,,,,0.03,1,HEURISTIC,,
1,1,3,900,edges,203.6765,1.15,0.0000,205.1868,0.07,,0.03,1,OPTIMAL,415,707
1,1,3,900,edges_ws,203.6765,1.29,0.0000,205.7875,0.00,205.7875,0.03,1,OPTIMAL,415,707
1,1,3,1500,heuristic,205.7875,0.03,,,,,0.03,1,HEURISTIC,,
1,1,3,1500,edges,203.6765,1.54,0.0000,233.6271,0.09,,0.03,1,OPTIMAL,415,707
1,1,3,1500,edges_ws,203.6765,0.61,0.0000,205.7875,0.00,205.7875,0.03,1,OPTIMAL,415,707
1,1,3,2400,heuristic,205.7875,0.03,,,,,0.03,1,HEURISTIC,,
1,1,3,2400,edges,203.6765,1.42,0.0000,233.6271,0.13,,0.03,1,OPTIMAL,415,707
1,1,3,2400,edges_ws,203.6765,0.53,0.0000,205.7875,0.00,205.7875,0.03,1,OPTIMAL,415,707
1,1,4,300,heuristic,183.2010,0.02,,,,,0.02,1,HEURISTIC,,
1,1,4,300,edges,181.7928,0.09,0.0000,206.6697,0.02,,0.02,1,OPTIMAL,206,363
1,1,4,300,edges_ws,181.7928,0.09,0.0000,183.2010,0.00,183.2010,0.02,1,OPTIMAL,206,363
1,1,4,450,heuristic,183.2010,0.02,,,,,0.02,1,HEURISTIC,,
1,1,4,450,edges,181.7928,0.08,0.0000,182.6971,0.06,,0.02,1,OPTIMAL,206,363
1,1,4,450,edges_ws,181.7929,0.11,0.0000,183.2010,0.00,183.2010,0.02,1,OPTIMAL,206,363
1,1,4,600,heuristic,183.2010,0.02,,,,,0.02,1,HEURISTIC,,
1,1,4,600,edges,181.7928,0.07,0.0000,182.6971,0.04,,0.02,1,OPTIMAL,206,363
1,1,4,600,edges_ws,181.7929,0.11,0.0000,183.2010,0.00,183.2010,0.02,1,OPTIMAL,206,363
1,1,4,900,heuristic,183.2010,0.02,,,,,0.02,1,HEURISTIC,,
1,1,4,900,edges,181.7928,0.07,0.0000,182.6971,0.05,,0.02,1,OPTIMAL,206,363
1,1,4,900,edges_ws,181.7929,0.14,0.0000,183.2010,0.00,183.2010,0.02,1,OPTIMAL,206,363
1,1,4,1500,heuristic,183.2010,0.02,,,,,0.02,1,HEURISTIC,,
1,1,4,1500,edges,181.7928,0.05,0.0000,182.6971,0.03,,0.02,1,OPTIMAL,206,363
1,1,4,1500,edges_ws,181.7929,0.14,0.0000,183.2010,0.00,183.2010,0.02,1,OPTIMAL,206,363
1,1,4,2400,heuristic,183.2010,0.02,,,,,0.02,1,HEURISTIC,,
1,1,4,2400,edges,181.7928,0.09,0.0000,182.6971,0.04,,0.02,1,OPTIMAL,206,363
1,1,4,2400,edges_ws,181.7929,0.09,0.0000,183.2010,0.00,183.2010,0.02,1,OPTIMAL,206,363
1,2,0,300,heuristic,187.8239,0.03,,,,,0.03,1,HEURISTIC,,
1,2,0,300,edges,187.4545,1.04,0.0000,214.6637,0.16,,0.03,1,OPTIMAL,456,793
1,2,0,300,edges_ws,187.4545,0.49,0.0000,187.8239,0.00,187.8239,0.03,1,OPTIMAL,456,793
1,2,0,450,heuristic,187.8239,0.03,,,,,0.03,1,HEURISTIC,,
1,2,0,450,edges,187.4544,0.82,0.0000,214.6637,0.15,,0.03,1,OPTIMAL,456,793
1,2,0,450,edges_ws,187.4544,0.41,0.0000,187.8239,0.00,187.8239,0.03,1,OPTIMAL,456,793
1,2,0,600,heuristic,187.8239,0.03,,,,,0.03,1,HEURISTIC,,
1,2,0,600,edges,187.4544,1.00,0.0000,214.6637,0.14,,0.03,1,OPTIMAL,456,793
1,2,0,600,edges_ws,187.4544,0.40,0.0000,187.8239,0.00,187.8239,0.03,1,OPTIMAL,456,793
1,2,0,900,heuristic,187.8239,0.03,,,,,0.03,1,HEURISTIC,,
1,2,0,900,edges,187.4544,0.21,0.0000,189.7302,0.06,,0.03,1,OPTIMAL,456,793
1,2,0,900,edges_ws,187.4544,0.33,0.0000,187.8239,0.00,187.8239,0.03,1,OPTIMAL,456,793
1,2,0,1500,heuristic,187.8239,0.03,,,,,0.03,1,HEURISTIC,,
1,2,0,1500,edges,187.4544,0.43,0.0000,205.0225,0.04,,0.03,1,OPTIMAL,456,793
1,2,0,1500,edges_ws,187.4544,0.31,0.0000,187.8239,0.00,187.8239,0.03,1,OPTIMAL,456,793
1,2,0,2400,heuristic,187.8239,0.03,,,,,0.03,1,HEURISTIC,,
1,2,0,2400,edges,187.4544,0.37,0.0000,205.0225,0.04,,0.03,1,OPTIMAL,456,793
1,2,0,2400,edges_ws,187.4544,0.32,0.0000,187.8239,0.00,187.8239,0.03,1,OPTIMAL,456,793
1,2,1,300,heuristic,155.8820,0.02,,,,,0.02,1,HEURISTIC,,
1,2,1,300,edges,122.7195,0.18,0.0000,131.2393,0.06,,0.02,1,OPTIMAL,247,447
1,2,1,300,edges_ws,122.7195,0.22,0.0000,155.8820,0.00,155.8820,0.02,1,OPTIMAL,247,447
1,2,1,450,heuristic,155.8820,0.02,,,,,0.02,1,HEURISTIC,,
1,2,1,450,edges,122.7195,0.21,0.0000,127.2940,0.06,,0.02,1,OPTIMAL,247,447
1,2,1,450,edges_ws,122.7195,0.34,0.0000,155.8820,0.00,155.8820,0.02,1,OPTIMAL,247,447
1,2,1,600,heuristic,155.8820,0.02,,,,,0.02,1,HEURISTIC,,
1,2,1,600,edges,122.7195,0.13,0.0000,127.2940,0.04,,0.02,1,OPTIMAL,247,447
1,2,1,600,edges_ws,122.7195,0.33,0.0000,155.8820,0.00,155.8820,0.02,1,OPTIMAL,247,447
1,2,1,900,heuristic,155.8820,0.02,,,,,0.02,1,HEURISTIC,,
1,2,1,900,edges,122.7195,0.18,0.0000,127.2940,0.05,,0.02,1,OPTIMAL,247,447
1,2,1,900,edges_ws,122.7195,0.36,0.0000,155.8820,0.00,155.8820,0.02,1,OPTIMAL,247,447
1,2,1,1500,heuristic,155.8820,0.02,,,,,0.02,1,HEURISTIC,,
1,2,1,1500,edges,122.7195,0.13,0.0000,127.2940,0.04,,0.02,1,OPTIMAL,247,447
1,2,1,1500,edges_ws,122.7195,0.30,0.0000,155.8820,0.00,155.8820,0.02,1,OPTIMAL,247,447
1,2,1,2400,heuristic,155.8820,0.02,,,,,0.02,1,HEURISTIC,,
1,2,1,2400,edges,122.7195,0.13,0.0000,127.2940,0.05,,0.02,1,OPTIMAL,247,447
1,2,1,2400,edges_ws,122.7195,0.30,0.0000,155.8820,0.00,155.8820,0.02,1,OPTIMAL,247,447
1,2,2,300,heuristic,218.2419,0.03,,,,,0.03,1,HEURISTIC,,
1,2,2,300,edges,218.0815,0.40,0.0000,219.9197,0.05,,0.03,1,OPTIMAL,456,793
1,2,2,300,edges_ws,218.0816,0.55,0.0000,218.2419,0.00,218.2419,0.03,1,OPTIMAL,456,793
1,2,2,450,heuristic,218.2419,0.03,,,,,0.03,1,HEURISTIC,,
1,2,2,450,edges,218.0815,0.32,0.0000,219.9197,0.08,,0.03,1,OPTIMAL,456,793
1,2,2,450,edges_ws,218.0816,0.49,0.0000,218.2419,0.00,218.2419,0.03,1,OPTIMAL,456,793
1,2,2,600,heuristic,218.2419,0.03,,,,,0.03,1,HEURISTIC,,
1,2,2,600,edges,218.0815,0.31,0.0000,219.9197,0.05,,0.03,1,OPTIMAL,456,793
1,2,2,600,edges_ws,218.0816,0.54,0.0000,218.2419,0.00,218.2419,0.03,1,OPTIMAL,456,793
1,2,2,900,heuristic,218.2419,0.03,,,,,0.03,1,HEURISTIC,,
1,2,2,900,edges,218.0815,0.69,0.0000,251.4620,0.03,,0.03,1,OPTIMAL,456,793
1,2,2,900,edges_ws,218.0816,0.63,0.0000,218.2419,0.00,218.2419,0.03,1,OPTIMAL,456,793
1,2,2,1500,heuristic,218.2419,0.03,,,,,0.03,1,HEURISTIC,,
1,2,2,1500,edges,218.0816,0.25,0.0000,238.6053,0.05,,0.03,1,OPTIMAL,456,793
1,2,2,1500,edges_ws,218.0816,0.70,0.0000,218.2419,0.00,218.2419,0.03,1,OPTIMAL,456,793
1,2,2,2400,heuristic,218.2419,0.03,,,,,0.03,1,HEURISTIC,,
1,2,2,2400,edges,218.0816,0.26,0.0000,238.6053,0.07,,0.03,1,OPTIMAL,456,793
1,2,2,2400,edges_ws,218.0816,0.68,0.0000,218.2419,0.00,218.2419,0.03,1,OPTIMAL,456,793
1,2,3,300,heuristic,281.6030,0.04,,,,,0.04,1,HEURISTIC,,
1,2,3,300,edges,279.8482,14.38,0.0000,307.4565,0.06,,0.04,1,OPTIMAL,737,1251
1,2,3,300,edges_ws,279.8482,17.82,0.0000,281.6030,0.00,281.6030,0.04,1,OPTIMAL,737,1251
1,2,3,450,heuristic,281.6030,0.05,,,,,0.05,1,HEURISTIC,,
1,2,3,450,edges,279.8482,11.17,0.0000,286.1378,0.26,,0.05,1,OPTIMAL,737,1251
1,2,3,450,edges_ws,279.8482,13.92,0.0000,281.6030,0.00,281.6030,0.05,1,OPTIMAL,737,1251
1,2,3,600,heuristic,281.6030,0.04,,,,,0.04,1,HEURISTIC,,
1,2,3,600,edges,279.8482,12.65,0.0000,286.1378,0.28,,0.04,1,OPTIMAL,737,1251
1,2,3,600,edges_ws,279.8482,15.85,0.0000,281.6030,0.00,281.6030,0.04,1,OPTIMAL,737,1251
1,2,3,900,heuristic,281.6030,0.04,,,,,0.04,1,HEURISTIC,,
1,2,3,900,edges,279.8482,20.55,0.0000,286.1378,0.31,,0.04,1,OPTIMAL,737,1251
1,2,3,900,edges_ws,279.8482,11.63,0.0000,281.6030,0.00,281.6030,0.04,1,OPTIMAL,737,1251
1,2,3,1500,heuristic,281.6030,0.04,,,,,0.04,1,HEURISTIC,,
1,2,3,1500,edges,279.8482,14.86,0.0000,314.5024,0.31,,0.04,1,OPTIMAL,737,1251
1,2,3,1500,edges_ws,279.8482,11.59,0.0000,281.6030,0.00,281.6030,0.04,1,OPTIMAL,737,1251
1,2,3,2400,heuristic,281.6030,0.04,,,,,0.04,1,HEURISTIC,,
1,2,3,2400,edges,279.8482,12.68,0.0000,286.1378,0.16,,0.04,1,OPTIMAL,737,1251
1,2,3,2400,edges_ws,279.8482,11.43,0.0000,281.6030,0.00,281.6030,0.04,1,OPTIMAL,737,1251
1,2,4,300,heuristic,223.6403,0.03,,,,,0.03,1,HEURISTIC,,
1,2,4,300,edges,221.7137,0.28,0.0000,223.3036,0.08,,0.03,1,OPTIMAL,456,793
1,2,4,300,edges_ws,221.7137,0.40,0.0000,223.6403,0.00,223.6403,0.03,1,OPTIMAL,456,793
1,2,4,450,heuristic,223.6403,0.03,,,,,0.03,1,HEURISTIC,,
1,2,4,450,edges,221.7137,0.30,0.0000,223.3036,0.10,,0.03,1,OPTIMAL,456,793
1,2,4,450,edges_ws,221.7137,0.42,0.0000,223.6403,0.00,223.6403,0.03,1,OPTIMAL,456,793
1,2,4,600,heuristic,223.6403,0.03,,,,,0.03,1,HEURISTIC,,
1,2,4,600,edges,221.7137,0.23,0.0000,223.3036,0.09,,0.03,1,OPTIMAL,456,793
1,2,4,600,edges_ws,221.7137,0.38,0.0000,223.6403,0.00,223.6403,0.03,1,OPTIMAL,456,793
1,2,4,900,heuristic,223.6403,0.03,,,,,0.03,1,HEURISTIC,,
1,2,4,900,edges,221.7137,0.29,0.0000,223.3036,0.10,,0.03,1,OPTIMAL,456,793
1,2,4,900,edges_ws,221.7137,0.41,0.0000,223.6403,0.00,223.6403,0.03,1,OPTIMAL,456,793
1,2,4,1500,heuristic,223.6403,0.03,,,,,0.03,1,HEURISTIC,,
1,2,4,1500,edges,221.7137,0.38,0.0000,222.1592,0.16,,0.03,1,OPTIMAL,456,793
1,2,4,1500,edges_ws,221.7137,0.54,0.0000,223.6403,0.00,223.6403,0.03,1,OPTIMAL,456,793
1,2,4,2400,heuristic,223.6403,0.03,,,,,0.03,1,HEURISTIC,,
1,2,4,2400,edges,221.7137,0.36,0.0000,222.1592,0.15,,0.03,1,OPTIMAL,456,793
1,2,4,2400,edges_ws,221.7137,0.45,0.0000,223.6403,0.00,223.6403,0.03,1,OPTIMAL,456,793
1,3,0,300,heuristic,222.5307,0.04,,,,,0.04,1,HEURISTIC,,
1,3,0,300,edges,222.2747,1.95,0.0000,250.3204,0.06,,0.04,1,OPTIMAL,778,1339
1,3,0,300,edges_ws,222.2747,1.49,0.0000,222.5307,0.00,222.5307,0.04,1,OPTIMAL,778,1339
1,3,0,450,heuristic,222.5307,0.04,,,,,0.04,1,HEURISTIC,,
1,3,0,450,edges,222.2747,10.65,0.0000,256.2764,1.89,,0.04,1,OPTIMAL,778,1339
1,3,0,450,edges_ws,222.2747,2.45,0.0000,222.5307,0.00,222.5307,0.04,1,OPTIMAL,778,1339
1,3,0,600,heuristic,222.5307,0.04,,,,,0.04,1,HEURISTIC,,
1,3,0,600,edges,222.2747,9.05,0.0000,256.2764,1.70,,0.04,1,OPTIMAL,778,1339
1,3,0,600,edges_ws,222.2747,2.02,0.0000,222.5307,0.00,222.5307,0.04,1,OPTIMAL,778,1339
1,3,0,900,heuristic,222.5307,0.04,,,,,0.04,1,HEURISTIC,,
1,3,0,900,edges,222.2747,10.64,0.0000,256.2764,1.89,,0.04,1,OPTIMAL,778,1339
1,3,0,900,edges_ws,222.2747,1.52,0.0000,222.5307,0.00,222.5307,0.04,1,OPTIMAL,778,1339
1,3,0,1500,heuristic,222.5307,0.04,,,,,0.04,1,HEURISTIC,,
1,3,0,1500,edges,222.2747,1.77,0.0000,242.9618,0.36,,0.04,1,OPTIMAL,778,1339
1,3,0,1500,edges_ws,222.2747,1.79,0.0000,222.5307,0.00,222.5307,0.04,1,OPTIMAL,778,1339
1,3,0,2400,heuristic,222.5307,0.04,,,,,0.04,1,HEURISTIC,,
1,3,0,2400,edges,222.2747,6.63,0.0000,261.0689,0.64,,0.04,1,OPTIMAL,778,1339
1,3,0,2400,edges_ws,222.2747,2.52,0.0000,222.5307,0.00,222.5307,0.04,1,OPTIMAL,778,1339
1,3,1,300,heuristic,140.0253,0.03,,,,,0.03,1,HEURISTIC,,
1,3,1,300,edges,139.8686,0.27,0.0000,158.8605,0.07,,0.03,1,OPTIMAL,497,879
1,3,1,300,edges_ws,139.8686,0.21,0.0000,140.0253,0.00,140.0253,0.03,1,OPTIMAL,497,879
1,3,1,450,heuristic,140.0253,0.03,,,,,0.03,1,HEURISTIC,,
1,3,1,450,edges,139.8686,0.24,0.0000,158.8605,0.08,,0.03,1,OPTIMAL,497,879
1,3,1,450,edges_ws,139.8686,0.29,0.0000,140.0253,0.00,140.0253,0.03,1,OPTIMAL,497,879
1,3,1,600,heuristic,140.0253,0.03,,,,,0.03,1,HEURISTIC,,
1,3,1,600,edges,139.8686,0.27,0.0000,146.9626,0.10,,0.03,1,OPTIMAL,497,879
1,3,1,600,edges_ws,139.8686,0.38,0.0000,140.0253,0.00,140.0253,0.03,1,OPTIMAL,497,879
1,3,1,900,heuristic,140.0253,0.03,,,,,0.03,1,HEURISTIC,,
1,3,1,900,edges,139.8686,0.35,0.0000,156.5178,0.04,,0.03,1,OPTIMAL,497,879
1,3,1,900,edges_ws,139.8686,0.37,0.0000,140.0253,0.00,140.0253,0.03,1,OPTIMAL,497,879
1,3,1,1500,heuristic,140.0253,0.03,,,,,0.03,1,HEURISTIC,,
1,3,1,1500,edges,139.8686,0.34,0.0000,153.0056,0.15,,0.03,1,OPTIMAL,497,879
1,3,1,1500,edges_ws,139.8686,0.35,0.0000,140.0253,0.00,140.0253,0.03,1,OPTIMAL,497,879
1,3,1,2400,heuristic,140.0253,0.03,,,,,0.03,1,HEURISTIC,,
1,3,1,2400,edges,139.8686,0.35,0.0000,153.0056,0.15,,0.03,1,OPTIMAL,497,879
1,3,1,2400,edges_ws,139.8686,0.43,0.0000,140.0253,0.00,140.0253,0.03,1,OPTIMAL,497,879
1,3,2,300,heuristic,266.4489,0.05,,,,,0.05,1,HEURISTIC,,
1,3,2,300,edges,262.1276,928.82,0.0000,271.3894,2.61,,0.05,1,OPTIMAL,1131,1911
1,3,2,300,edges_ws,262.1277,594.02,0.0000,266.4489,0.00,266.4489,0.05,1,OPTIMAL,1131,1911
1,3,2,450,heuristic,266.4489,0.06,,,,,0.06,1,HEURISTIC,,
1,3,2,450,edges,262.1276,667.07,0.0000,274.2198,2.15,,0.06,1,OPTIMAL,1131,1911
1,3,2,450,edges_ws,262.1277,1203.78,0.0000,266.4489,0.00,266.4489,0.06,1,OPTIMAL,1131,1911
1,3,2,600,heuristic,266.4489,0.08,,,,,0.08,1,HEURISTIC,,
1,3,2,600,edges,262.1277,1399.89,0.0000,274.2198,1.88,,0.08,1,OPTIMAL,1131,1911
1,3,2,600,edges_ws,262.1277,1331.55,0.0000,266.4489,0.00,266.4489,0.08,1,OPTIMAL,1131,1911
1,3,2,900,heuristic,266.4489,0.05,,,,,0.05,1,HEURISTIC,,
1,3,2,900,edges,262.1277,536.88,0.0000,274.2198,1.95,,0.05,1,OPTIMAL,1131,1911
1,3,2,900,edges_ws,262.1277,619.29,0.0000,266.4489,0.00,266.4489,0.05,1,OPTIMAL,1131,1911
1,3,2,1500,heuristic,266.4489,0.05,,,,,0.05,1,HEURISTIC,,
1,3,2,1500,edges,262.1277,624.46,0.0000,276.1741,2.22,,0.05,1,OPTIMAL,1131,1911
1,3,2,1500,edges_ws,262.1277,463.28,0.0000,266.4489,0.00,266.4489,0.05,1,OPTIMAL,1131,1911
1,3,2,2400,heuristic,266.4489,0.05,,,,,0.05,1,HEURISTIC,,
1,3,2,2400,edges,262.1277,1230.85,0.0000,273.3232,1.77,,0.05,1,OPTIMAL,1131,1911
1,3,2,2400,edges_ws,262.1277,458.99,0.0000,266.4489,0.00,266.4489,0.05,1,OPTIMAL,1131,1911
1,3,3,300,heuristic,411.1492,0.06,,,,,0.06,2,HEURISTIC,,
1,3,3,300,edges,,0.00,,,,,0.06,,INFEASIBLE,1556,2595
1,3,3,300,edges_ws,,0.00,,,,411.1492,0.06,,INFEASIBLE,1556,2595
1,3,3,450,heuristic,373.1353,0.06,,,,,0.06,1,HEURISTIC,,
1,3,3,450,edges,365.7470,1801.20,0.0493,383.4066,13.48,,0.06,1,SUBOPTIMAL,1556,2595
1,3,3,450,edges_ws,365.7470,1800.50,0.0446,373.1353,0.00,373.1353,0.06,1,SUBOPTIMAL,1556,2595
1,3,3,600,heuristic,373.1353,0.10,,,,,0.10,1,HEURISTIC,,
1,3,3,600,edges,365.7470,1800.56,0.0501,403.2384,0.13,,0.10,1,SUBOPTIMAL,1556,2595
1,3,3,600,edges_ws,365.7470,1800.03,0.0487,373.1353,0.00,373.1353,0.10,1,SUBOPTIMAL,1556,2595
1,3,3,900,heuristic,373.1353,0.06,,,,,0.06,1,HEURISTIC,,
1,3,3,900,edges,365.7470,1800.08,0.0471,403.2384,0.13,,0.06,1,SUBOPTIMAL,1556,2595
1,3,3,900,edges_ws,365.7470,1800.50,0.0487,373.1353,0.00,373.1353,0.06,1,SUBOPTIMAL,1556,2595
1,3,3,1500,heuristic,373.1353,0.06,,,,,0.06,1,HEURISTIC,,
1,3,3,1500,edges,365.7470,1800.59,0.0487,403.2384,0.14,,0.06,1,SUBOPTIMAL,1556,2595
1,3,3,1500,edges_ws,365.7470,1800.96,0.0487,373.1353,0.00,373.1353,0.06,1,SUBOPTIMAL,1556,2595
1,3,3,2400,heuristic,373.1353,0.06,,,,,0.06,1,HEURISTIC,,
1,3,3,2400,edges,365.7470,1800.53,0.0501,403.2384,0.13,,0.06,1,SUBOPTIMAL,1556,2595
1,3,3,2400,edges_ws,365.7470,1801.06,0.0509,373.1353,0.00,373.1353,0.06,1,SUBOPTIMAL,1556,2595
1,3,4,300,heuristic,283.4992,0.05,,,,,0.05,1,HEURISTIC,,
1,3,4,300,edges,281.2549,46.07,0.0000,284.7852,0.80,,0.05,1,OPTIMAL,1131,1911
1,3,4,300,edges_ws,281.2549,268.89,0.0000,283.4992,0.00,283.4992,0.05,1,OPTIMAL,1131,1911
1,3,4,450,heuristic,283.4992,0.05,,,,,0.05,1,HEURISTIC,,
1,3,4,450,edges,281.2549,136.97,0.0000,285.8479,0.19,,0.05,1,OPTIMAL,1131,1911
1,3,4,450,edges_ws,281.2549,105.71,0.0000,283.4992,0.00,283.4992,0.05,1,OPTIMAL,1131,1911
1,3,4,600,heuristic,283.4992,0.05,,,,,0.05,1,HEURISTIC,,
1,3,4,600,edges,281.2549,217.04,0.0000,285.8330,0.19,,0.05,1,OPTIMAL,1131,1911
1,3,4,600,edges_ws,281.2549,133.12,0.0000,283.4992,0.00,283.4992,0.05,1,OPTIMAL,1131,1911
1,3,4,900,heuristic,283.4992,0.05,,,,,0.05,1,HEURISTIC,,
1,3,4,900,edges,281.2549,242.44,0.0000,285.8330,0.22,,0.05,1,OPTIMAL,1131,1911
1,3,4,900,edges_ws,281.2549,241.80,0.0000,283.4992,0.00,283.4992,0.05,1,OPTIMAL,1131,1911
1,3,4,1500,heuristic,283.4992,0.05,,,,,0.05,1,HEURISTIC,,
1,3,4,1500,edges,281.2549,202.20,0.0000,285.8330,0.18,,0.05,1,OPTIMAL,1131,1911
1,3,4,1500,edges_ws,281.2549,173.62,0.0000,283.4992,0.00,283.4992,0.05,1,OPTIMAL,1131,1911
1,3,4,2400,heuristic,283.4992,0.05,,,,,0.05,1,HEURISTIC,,
1,3,4,2400,edges,281.2549,149.61,0.0000,285.8330,0.18,,0.05,1,OPTIMAL,1131,1911
1,3,4,2400,edges_ws,281.2549,200.72,0.0000,283.4992,0.00,283.4992,0.05,1,OPTIMAL,1131,1911
2,1,0,300,heuristic,285.5416,0.04,,,,,0.04,1,HEURISTIC,,
2,1,0,300,edges,285.3781,0.96,0.0000,431.1798,0.18,,0.04,1,OPTIMAL,904,1743
2,1,0,300,edges_ws,285.3781,0.91,0.0000,285.5416,0.00,285.5416,0.04,1,OPTIMAL,904,1743
2,1,0,450,heuristic,285.5416,0.04,,,,,0.04,1,HEURISTIC,,
2,1,0,450,edges,285.3781,1.71,0.0000,426.5414,0.35,,0.04,1,OPTIMAL,904,1743
2,1,0,450,edges_ws,285.3781,2.48,0.0000,285.5416,0.00,285.5416,0.04,1,OPTIMAL,904,1743
2,1,0,600,heuristic,285.5416,0.04,,,,,0.04,1,HEURISTIC,,
2,1,0,600,edges,285.3781,0.90,0.0000,425.4715,0.30,,0.04,1,OPTIMAL,904,1743
2,1,0,600,edges_ws,285.3781,1.62,0.0000,285.5416,0.00,285.5416,0.04,1,OPTIMAL,904,1743
2,1,0,900,heuristic,285.5416,0.04,,,,,0.04,1,HEURISTIC,,
2,1,0,900,edges,285.3781,0.95,0.0000,299.2212,0.31,,0.04,1,OPTIMAL,904,1743
2,1,0,900,edges_ws,285.3781,1.33,0.0000,285.5416,0.00,285.5416,0.04,1,OPTIMAL,904,1743
2,1,0,1500,heuristic,285.5416,0.04,,,,,0.04,1,HEURISTIC,,
2,1,0,1500,edges,285.3781,3.12,0.0000,291.4250,0.42,,0.04,1,OPTIMAL,904,1743
2,1,0,1500,edges_ws,285.3781,1.60,0.0000,285.5416,0.00,285.5416,0.04,1,OPTIMAL,904,1743
2,1,0,2400,heuristic,285.5416,0.04,,,,,0.04,1,HEURISTIC,,
2,1,0,2400,edges,285.3781,0.97,0.0000,291.7892,0.25,,0.04,1,OPTIMAL,904,1743
2,1,0,2400,edges_ws,285.3781,0.80,0.0000,285.5416,0.00,285.5416,0.04,1,OPTIMAL,904,1743
2,1,1,300,heuristic,272.0719,0.04,,,,,0.04,1,HEURISTIC,,
2,1,1,300,edges,272.0022,0.93,0.0000,296.0282,0.13,,0.04,1,OPTIMAL,904,1743
2,1,1,300,edges_ws,272.0022,1.94,0.0000,272.0719,0.00,272.0719,0.04,1,OPTIMAL,904,1743
2,1,1,450,heuristic,272.0719,0.04,,,,,0.04,1,HEURISTIC,,
2,1,1,450,edges,272.0022,1.60,0.0000,292.1073,0.40,,0.04,1,OPTIMAL,904,1743
2,1,1,450,edges_ws,272.0022,1.45,0.0000,272.0719,0.00,272.0719,0.04,1,OPTIMAL,904,1743
2,1,1,600,heuristic,272.0719,0.04,,,,,0.04,1,HEURISTIC,,
2,1,1,600,edges,272.0022,1.37,0.0000,288.5422,0.34,,0.04,1,OPTIMAL,904,1743
2,1,1,600,edges_ws,272.0022,0.98,0.0000,272.0719,0.00,272.0719,0.04,1,OPTIMAL,904,1743
2,1,1,900,heuristic,272.0719,0.04,,,,,0.04,1,HEURISTIC,,
2,1,1,900,edges,272.0022,1.53,0.0000,284.5853,0.24,,0.04,1,OPTIMAL,904,1743
2,1,1,900,edges_ws,272.0022,1.63,0.0000,272.0719,0.00,272.0719,0.04,1,OPTIMAL,904,1743
2,1,1,1500,heuristic,272.0719,0.04,,,,,0.04,1,HEURISTIC,,
2,1,1,1500,edges,272.0022,1.62,0.0000,285.4060,0.26,,0.04,1,OPTIMAL,904,1743
2,1,1,1500,edges_ws,272.0022,0.78,0.0000,272.0719,0.00,272.0719,0.04,1,OPTIMAL,904,1743
2,1,1,2400,heuristic,272.0719,0.04,,,,,0.04,1,HEURISTIC,,
2,1,1,2400,edges,272.0022,1.39,0.0000,287.5094,0.16,,0.04,1,OPTIMAL,904,1743
2,1,1,2400,edges_ws,272.0022,1.04,0.0000,272.0719,0.00,272.0719,0.04,1,OPTIMAL,904,1743
2,1,2,300,heuristic,287.7053,0.04,,,,,0.04,1,HEURISTIC,,
2,1,2,300,edges,287.5765,5.01,0.0000,296.5247,0.16,,0.04,1,OPTIMAL,904,1743
2,1,2,300,edges_ws,287.5765,2.95,0.0000,287.7053,0.00,287.7053,0.04,1,OPTIMAL,904,1743
2,1,2,450,heuristic,287.7053,0.04,,,,,0.04,1,HEURISTIC,,
2,1,2,450,edges,287.5765,5.22,0.0000,296.5246,0.12,,0.04,1,OPTIMAL,904,1743
2,1,2,450,edges_ws,287.5765,3.90,0.0000,287.7053,0.00,287.7053,0.04,1,OPTIMAL,904,1743
2,1,2,600,heuristic,287.7053,0.05,,,,,0.05,1,HEURISTIC,,
2,1,2,600,edges,287.5765,6.25,0.0000,296.5246,0.10,,0.05,1,OPTIMAL,904,1743
2,1,2,600,edges_ws,287.5765,4.46,0.0000,287.7053,0.00,287.7053,0.05,1,OPTIMAL,904,1743
2,1,2,900,heuristic,287.7053,0.04,,,,,0.04,1,HEURISTIC,,
2,1,2,900,edges,287.5765,4.27,0.0000,296.5246,0.12,,0.04,1,OPTIMAL,904,1743
2,1,2,900,edges_ws,287.5765,3.57,0.0000,287.7053,0.00,287.7053,0.04,1,OPTIMAL,904,1743
2,1,2,1500,heuristic,287.7053,0.04,,,,,0.04,1,HEURISTIC,,
2,1,2,1500,edges,287.5765,4.98,0.0000,288.1512,0.12,,0.04,1,OPTIMAL,904,1743
2,1,2,1500,edges_ws,287.5765,9.83,0.0000,287.7053,0.00,287.7053,0.04,1,OPTIMAL,904,1743
2,1,2,2400,heuristic,287.7053,0.04,,,,,0.04,1,HEURISTIC,,
2,1,2,2400,edges,287.5765,3.38,0.0000,296.7721,0.18,,0.04,1,OPTIMAL,904,1743
2,1,2,2400,edges_ws,287.5765,4.20,0.0000,287.7053,0.00,287.7053,0.04,1,OPTIMAL,904,1743
2,1,3,300,heuristic,344.6776,0.05,,,,,0.05,1,HEURISTIC,,
2,1,3,300,edges,344.5526,67.52,0.0000,352.5183,1.75,,0.05,1,OPTIMAL,1368,2613
2,1,3,300,edges_ws,344.5526,40.20,0.0000,344.6776,0.00,344.6776,0.05,1,OPTIMAL,1368,2613
2,1,3,450,heuristic,344.6776,0.05,,,,,0.05,1,HEURISTIC,,
2,1,3,450,edges,344.5526,39.90,0.0000,424.6308,0.53,,0.05,1,OPTIMAL,1368,2613
2,1,3,450,edges_ws,344.5526,52.87,0.0000,344.6776,0.00,344.6776,0.05,1,OPTIMAL,1368,2613
2,1,3,600,heuristic,344.6776,0.05,,,,,0.05,1,HEURISTIC,,
2,1,3,600,edges,344.5526,43.91,0.0000,424.6308,0.63,,0.05,1,OPTIMAL,1368,2613
2,1,3,600,edges_ws,344.5526,18.37,0.0000,344.6776,0.00,344.6776,0.05,1,OPTIMAL,1368,2613
2,1,3,900,heuristic,344.6776,0.05,,,,,0.05,1,HEURISTIC,,
2,1,3,900,edges,344.5526,75.78,0.0000,424.6308,0.57,,0.05,1,OPTIMAL,1368,2613
2,1,3,900,edges_ws,344.5526,19.02,0.0000,344.6776,0.00,344.6776,0.05,1,OPTIMAL,1368,2613
2,1,3,1500,heuristic,344.6776,0.05,,,,,0.05,1,HEURISTIC,,
2,1,3,1500,edges,344.5526,17.60,0.0000,438.8261,1.94,,0.05,1,OPTIMAL,1368,2613
2,1,3,1500,edges_ws,344.5526,16.79,0.0000,344.6776,0.00,344.6776,0.05,1,OPTIMAL,1368,2613
2,1,3,2400,heuristic,344.6776,0.05,,,,,0.05,1,HEURISTIC,,
2,1,3,2400,edges,344.5526,28.90,0.0000,431.8899,0.24,,0.05,1,OPTIMAL,1368,2613
2,1,3,2400,edges_ws,344.5526,23.26,0.0000,344.6776,0.00,344.6776,0.05,1,OPTIMAL,1368,2613
2,1,4,300,heuristic,322.9310,0.04,,,,,0.04,1,HEURISTIC,,
2,1,4,300,edges,319.9967,8.27,0.0000,386.5269,0.22,,0.04,1,OPTIMAL,904,1743
2,1,4,300,edges_ws,319.9968,3.88,0.0000,322.9310,0.00,322.9310,0.04,1,OPTIMAL,904,1743
2,1,4,450,heuristic,322.9310,0.05,,,,,0.05,1,HEURISTIC,,
2,1,4,450,edges,319.9968,5.04,0.0000,321.6516,1.10,,0.05,1,OPTIMAL,904,1743
2,1,4,450,edges_ws,319.9968,2.36,0.0000,322.9310,0.00,322.9310,0.05,1,OPTIMAL,904,1743
2,1,4,600,heuristic,322.9310,0.04,,,,,0.04,1,HEURISTIC,,
2,1,4,600,edges,319.9968,9.56,0.0000,330.5906,1.13,,0.04,1,OPTIMAL,904,1743
2,1,4,600,edges_ws,319.9968,7.77,0.0000,322.9310,0.00,322.9310,0.04,1,OPTIMAL,904,1743
2,1,4,900,heuristic,322.9310,0.04,,,,,0.04,1,HEURISTIC,,
2,1,4,900,edges,319.9968,4.09,0.0000,391.8370,0.30,,0.04,1,OPTIMAL,904,1743
2,1,4,900,edges_ws,319.9968,3.73,0.0000,322.9310,0.00,322.9310,0.04,1,OPTIMAL,904,1743
2,1,4,1500,heuristic,322.9310,0.04,,,,,0.04,1,HEURISTIC,,
2,1,4,1500,edges,319.9968,5.44,0.0000,333.6333,0.16,,0.04,1,OPTIMAL,904,1743
2,1,4,1500,edges_ws,319.9968,4.81,0.0000,322.9310,0.00,322.9310,0.04,1,OPTIMAL,904,1743
2,1,4,2400,heuristic,322.9310,0.04,,,,,0.04,1,HEURISTIC,,
2,1,4,2400,edges,319.9968,4.08,0.0000,330.2501,0.22,,0.04,1,OPTIMAL,904,1743
2,1,4,2400,edges_ws,319.9968,9.39,0.0000,322.9310,0.00,322.9310,0.04,1,OPTIMAL,904,1743
2,2,0,300,heuristic,364.8841,0.05,,,,,0.05,1,HEURISTIC,,
2,2,0,300,edges,333.1366,12.06,0.0000,366.0985,0.52,,0.05,1,OPTIMAL,1450,2783
2,2,0,300,edges_ws,333.1366,12.00,0.0000,364.8841,0.00,364.8841,0.05,1,OPTIMAL,1450,2783
2,2,0,450,heuristic,364.8841,0.05,,,,,0.05,1,HEURISTIC,,
2,2,0,450,edges,333.1366,19.10,0.0000,384.7668,0.59,,0.05,1,OPTIMAL,1450,2783
2,2,0,450,edges_ws,333.1366,21.69,0.0000,364.8841,0.00,364.8841,0.05,1,OPTIMAL,1450,2783
2,2,0,600,heuristic,364.8841,0.05,,,,,0.05,1,HEURISTIC,,
2,2,0,600,edges,333.1366,13.78,0.0000,384.7668,0.59,,0.05,1,OPTIMAL,1450,2783
2,2,0,600,edges_ws,333.1366,15.00,0.0000,364.8841,0.00,364.8841,0.05,1,OPTIMAL,1450,2783
2,2,0,900,heuristic,364.8841,0.05,,,,,0.05,1,HEURISTIC,,
2,2,0,900,edges,333.1366,22.39,0.0000,384.7668,0.61,,0.05,1,OPTIMAL,1450,2783
2,2,0,900,edges_ws,333.1366,20.37,0.0000,364.8841,0.00,364.8841,0.05,1,OPTIMAL,1450,2783
2,2,0,1500,heuristic,364.8841,0.05,,,,,0.05,1,HEURISTIC,,
2,2,0,1500,edges,333.1366,28.01,0.0000,562.8440,0.35,,0.05,1,OPTIMAL,1450,2783
2,2,0,1500,edges_ws,333.1366,16.39,0.0000,364.8841,0.00,364.8841,0.05,1,OPTIMAL,1450,2783
2,2,0,2400,heuristic,364.8841,0.05,,,,,0.05,1,HEURISTIC,,
2,2,0,2400,edges,333.1366,9.46,0.0000,388.0837,0.54,,0.05,1,OPTIMAL,1450,2783
2,2,0,2400,edges_ws,333.1366,10.17,0.0000,364.8841,0.00,364.8841,0.05,1,OPTIMAL,1450,2783
2,2,1,300,heuristic,321.4014,0.05,,,,,0.05,1,HEURISTIC,,
2,2,1,300,edges,287.9821,15.71,0.0000,303.1747,2.19,,0.05,1,OPTIMAL,1450,2783
2,2,1,300,edges_ws,287.9821,51.92,0.0000,321.4014,0.00,321.4014,0.05,1,OPTIMAL,1450,2783
2,2,1,450,heuristic,321.4014,0.05,,,,,0.05,1,HEURISTIC,,
2,2,1,450,edges,287.9821,27.13,0.0000,303.1274,0.22,,0.05,1,OPTIMAL,1450,2783
2,2,1,450,edges_ws,287.9821,126.86,0.0000,321.4014,0.00,321.4014,0.05,1,OPTIMAL,1450,2783
2,2,1,600,heuristic,321.4014,0.05,,,,,0.05,1,HEURISTIC,,
2,2,1,600,edges,287.9821,6.27,0.0000,303.1274,0.20,,0.05,1,OPTIMAL,1450,2783
2,2,1,600,edges_ws,287.9821,65.42,0.0000,321.4014,0.00,321.4014,0.05,1,OPTIMAL,1450,2783
2,2,1,900,heuristic,321.4014,0.05,,,,,0.05,1,HEURISTIC,,
2,2,1,900,edges,287.9821,8.50,0.0000,303.1274,0.19,,0.05,1,OPTIMAL,1450,2783
2,2,1,900,edges_ws,287.9821,46.35,0.0000,321.4014,0.00,321.4014,0.05,1,OPTIMAL,1450,2783
2,2,1,1500,heuristic,321.4014,0.05,,,,,0.05,1,HEURISTIC,,
2,2,1,1500,edges,287.9821,113.04,0.0000,309.7899,2.87,,0.05,1,OPTIMAL,1450,2783
2,2,1,1500,edges_ws,287.9821,10.99,0.0000,321.4014,0.00,321.4014,0.05,1,OPTIMAL,1450,2783
2,2,1,2400,heuristic,321.4014,0.05,,,,,0.05,1,HEURISTIC,,
2,2,1,2400,edges,287.9821,24.23,0.0000,311.5650,2.34,,0.05,1,OPTIMAL,1450,2783
2,2,1,2400,edges_ws,287.9821,17.24,0.0000,321.4014,0.00,321.4014,0.05,1,OPTIMAL,1450,2783
2,2,2,300,heuristic,348.8809,0.06,,,,,0.06,1,HEURISTIC,,
2,2,2,300,edges,347.1684,1800.75,0.0538,411.8532,0.32,,0.06,1,SUBOPTIMAL,2010,3831
2,2,2,300,edges_ws,347.1684,1800.30,0.0406,348.8809,0.00,348.8809,0.06,1,SUBOPTIMAL,2010,3831
2,2,2,450,heuristic,348.8809,0.06,,,,,0.06,1,HEURISTIC,,
2,2,2,450,edges,347.1684,1800.39,0.0467,350.7596,0.66,,0.06,1,SUBOPTIMAL,2010,3831
2,2,2,450,edges_ws,347.1684,1800.44,0.0440,348.8809,0.00,348.8809,0.06,1,SUBOPTIMAL,2010,3831
2,2,2,600,heuristic,348.8809,0.06,,,,,0.06,1,HEURISTIC,,
2,2,2,600,edges,347.1684,1800.34,0.0336,348.2449,0.69,,0.06,1,SUBOPTIMAL,2010,3831
2,2,2,600,edges_ws,347.1684,1800.89,0.0183,348.8809,0.00,348.8809,0.06,1,SUBOPTIMAL,2010,3831
2,2,2,900,heuristic,348.8809,0.06,,,,,0.06,1,HEURISTIC,,
2,2,2,900,edges,347.1684,1800.22,0.0279,348.2449,0.58,,0.06,1,SUBOPTIMAL,2010,3831
2,2,2,900,edges_ws,347.1684,1800.49,0.0449,348.8809,0.00,348.8809,0.06,1,SUBOPTIMAL,2010,3831
2,2,2,1500,heuristic,348.8809,0.06,,,,,0.06,1,HEURISTIC,,
2,2,2,1500,edges,347.1684,1415.85,0.0000,362.3087,2.74,,0.06,1,OPTIMAL,2010,3831
2,2,2,1500,edges_ws,347.1684,1800.30,0.0414,348.8809,0.00,348.8809,0.06,1,SUBOPTIMAL,2010,3831
2,2,2,2400,heuristic,348.8809,0.06,,,,,0.06,1,HEURISTIC,,
2,2,2,2400,edges,347.1684,1802.14,0.0418,352.9842,3.01,,0.06,1,SUBOPTIMAL,2010,3831
2,2,2,2400,edges_ws,347.1684,1800.65,0.0454,348.8809,0.00,348.8809,0.06,1,SUBOPTIMAL,2010,3831
2,2,3,300,heuristic,524.8436,0.06,,,,,0.06,2,HEURISTIC,,
2,2,3,300,edges,471.8331,1800.64,0.0262,504.5206,5.48,,0.06,2,SUBOPTIMAL,2010,3831
2,2,3,300,edges_ws,471.8331,1800.56,0.0257,524.8436,0.00,524.8436,0.06,2,SUBOPTIMAL,2010,3831
2,2,3,450,heuristic,472.9324,0.14,,,,,0.14,1,HEURISTIC,,
2,2,3,450,edges,420.5035,1801.48,0.0311,445.5064,3.34,,0.14,1,SUBOPTIMAL,2010,3831
2,2,3,450,edges_ws,420.5035,1800.65,0.0426,472.9324,0.00,472.9324,0.14,1,SUBOPTIMAL,2010,3831
2,2,3,600,heuristic,472.9324,0.06,,,,,0.06,1,HEURISTIC,,
2,2,3,600,edges,420.5035,1800.58,0.0462,446.1411,4.52,,0.06,1,SUBOPTIMAL,2010,3831
2,2,3,600,edges_ws,420.5035,1800.75,0.0418,472.9324,0.00,472.9324,0.06,1,SUBOPTIMAL,2010,3831
2,2,3,900,heuristic,472.9324,0.06,,,,,0.06,1,HEURISTIC,,
2,2,3,900,edges,420.5036,1800.68,0.0479,429.4051,7.03,,0.06,1,SUBOPTIMAL,2010,3831
2,2,3,900,edges_ws,420.5036,1800.35,0.0378,472.9324,0.01,472.9324,0.06,1,SUBOPTIMAL,2010,3831
2,2,3,1500,heuristic,472.9324,0.06,,,,,0.06,1,HEURISTIC,,
2,2,3,1500,edges,420.5036,1800.38,0.0479,552.6484,6.91,,0.06,1,SUBOPTIMAL,2010,3831
2,2,3,1500,edges_ws,420.5035,1800.45,0.0360,472.9324,0.00,472.9324,0.06,1,SUBOPTIMAL,2010,3831
2,2,3,2400,heuristic,472.9324,0.06,,,,,0.06,1,HEURISTIC,,
2,2,3,2400,edges,420.5035,1801.00,0.0469,503.7564,3.67,,0.06,1,SUBOPTIMAL,2010,3831
2,2,3,2400,edges_ws,420.5036,1800.39,0.0410,472.9324,0.00,472.9324,0.06,1,SUBOPTIMAL,2010,3831
2,2,4,300,heuristic,418.4117,0.05,,,,,0.05,1,HEURISTIC,,
2,2,4,300,edges,382.4693,792.04,0.0000,468.6876,0.38,,0.05,1,OPTIMAL,1450,2783
2,2,4,300,edges_ws,382.4693,722.98,0.0000,418.4117,0.00,418.4117,0.05,1,OPTIMAL,1450,2783
2,2,4,450,heuristic,418.4117,0.05,,,,,0.05,1,HEURISTIC,,
2,2,4,450,edges,382.4693,1800.34,0.0142,426.1055,2.37,,0.05,1,SUBOPTIMAL,1450,2783
2,2,4,450,edges_ws,382.4693,1251.78,0.0000,418.4117,0.00,418.4117,0.05,1,OPTIMAL,1450,2783
2,2,4,600,heuristic,418.4117,0.05,,,,,0.05,1,HEURISTIC,,
2,2,4,600,edges,382.4693,937.18,0.0000,426.2224,2.18,,0.05,1,OPTIMAL,1450,2783
2,2,4,600,edges_ws,382.4693,1124.74,0.0000,418.4117,0.00,418.4117,0.05,1,OPTIMAL,1450,2783
2,2,4,900,heuristic,418.4117,0.05,,,,,0.05,1,HEURISTIC,,
2,2,4,900,edges,382.4693,1193.87,0.0000,426.2224,2.18,,0.05,1,OPTIMAL,1450,2783
2,2,4,900,edges_ws,382.4693,265.89,0.0000,418.4117,0.00,418.4117,0.05,1,OPTIMAL,1450,2783
2,2,4,1500,heuristic,418.4117,0.05,,,,,0.05,1,HEURISTIC,,
2,2,4,1500,edges,382.4693,1800.84,0.0112,453.0540,2.39,,0.05,1,SUBOPTIMAL,1450,2783
2,2,4,1500,edges_ws,382.4693,1800.39,0.0016,418.4117,0.00,418.4117,0.05,1,SUBOPTIMAL,1450,2783
2,2,4,2400,heuristic,418.4117,0.05,,,,,0.05,1,HEURISTIC,,
2,2,4,2400,edges,382.4693,1360.57,0.0000,401.4398,0.48,,0.05,1,OPTIMAL,1450,2783
2,2,4,2400,edges_ws,382.4693,363.21,0.0000,418.4117,0.00,418.4117,0.05,1,OPTIMAL,1450,2783
2,3,0,300,heuristic,461.9612,0.10,,,,,0.10,2,HEURISTIC,,
2,3,0,300,edges,457.1686,1800.21,0.1080,488.8869,16.32,,0.10,2,SUBOPTIMAL,2748,5229
2,3,0,300,edges_ws,457.1686,1800.96,0.0596,461.9612,0.00,461.9612,0.10,2,SUBOPTIMAL,2748,5229
2,3,0,450,heuristic,399.2760,0.07,,,,,0.07,1,HEURISTIC,,
2,3,0,450,edges,399.0730,1800.42,0.0485,408.0111,11.10,,0.07,1,SUBOPTIMAL,2748,5229
2,3,0,450,edges_ws,399.0730,1801.00,0.0329,399.2760,0.00,399.2760,0.07,1,SUBOPTIMAL,2748,5229
2,3,0,600,heuristic,399.2760,0.07,,,,,0.07,1,HEURISTIC,,
2,3,0,600,edges,399.0730,1800.16,0.0514,423.4041,37.56,,0.07,1,SUBOPTIMAL,2748,5229
2,3,0,600,edges_ws,399.0730,1800.24,0.0364,399.2760,0.00,399.2760,0.07,1,SUBOPTIMAL,2748,5229
2,3,0,900,heuristic,399.2760,0.07,,,,,0.07,1,HEURISTIC,,
2,3,0,900,edges,399.0730,1801.23,0.0453,520.9724,42.50,,0.07,1,SUBOPTIMAL,2748,5229
2,3,0,900,edges_ws,399.0730,1800.69,0.0341,399.2760,0.00,399.2760,0.07,1,SUBOPTIMAL,2748,5229
2,3,0,1500,heuristic,399.2760,0.07,,,,,0.07,1,HEURISTIC,,
2,3,0,1500,edges,399.0730,1801.91,0.0606,408.2020,28.33,,0.07,1,SUBOPTIMAL,2748,5229
2,3,0,1500,edges_ws,399.0730,1800.42,0.0322,399.2760,0.00,399.2760,0.07,1,SUBOPTIMAL,2748,5229
2,3,0,2400,heuristic,399.2760,0.07,,,,,0.07,1,HEURISTIC,,
2,3,0,2400,edges,399.0730,1800.60,0.0410,530.3526,12.49,,0.07,1,SUBOPTIMAL,2748,5229
2,3,0,2400,edges_ws,399.0730,1800.36,0.0339,399.2760,0.01,399.2760,0.07,1,SUBOPTIMAL,2748,5229
2,3,1,300,heuristic,336.5584,0.06,,,,,0.06,1,HEURISTIC,,
2,3,1,300,edges,335.4646,630.29,0.0000,450.1509,1.91,,0.06,1,OPTIMAL,2092,4003
2,3,1,300,edges_ws,335.4646,611.88,0.0000,336.5584,0.00,336.5584,0.06,1,OPTIMAL,2092,4003
2,3,1,450,heuristic,336.5584,0.06,,,,,0.06,1,HEURISTIC,,
2,3,1,450,edges,335.4646,1306.44,0.0000,356.5827,2.36,,0.06,1,OPTIMAL,2092,4003
2,3,1,450,edges_ws,335.4646,445.71,0.0000,336.5584,0.00,336.5584,0.06,1,OPTIMAL,2092,4003
2,3,1,600,heuristic,336.5584,0.06,,,,,0.06,1,HEURISTIC,,
2,3,1,600,edges,335.4646,798.10,0.0000,358.8745,4.25,,0.06,1,OPTIMAL,2092,4003
2,3,1,600,edges_ws,335.4646,1435.95,0.0000,336.5584,0.00,336.5584,0.06,1,OPTIMAL,2092,4003
2,3,1,900,heuristic,336.5584,0.06,,,,,0.06,1,HEURISTIC,,
2,3,1,900,edges,335.4646,722.54,0.0000,358.8745,4.25,,0.06,1,OPTIMAL,2092,4003
2,3,1,900,edges_ws,335.4646,631.01,0.0000,336.5584,0.00,336.5584,0.06,1,OPTIMAL,2092,4003
2,3,1,1500,heuristic,336.5584,0.06,,,,,0.06,1,HEURISTIC,,
2,3,1,1500,edges,335.4646,1148.54,0.0000,358.3304,2.52,,0.06,1,OPTIMAL,2092,4003
2,3,1,1500,edges_ws,335.4646,518.58,0.0000,336.5584,0.00,336.5584,0.06,1,OPTIMAL,2092,4003
2,3,1,2400,heuristic,336.5584,0.06,,,,,0.06,1,HEURISTIC,,
2,3,1,2400,edges,335.4646,901.13,0.0000,350.3779,4.78,,0.06,1,OPTIMAL,2092,4003
2,3,1,2400,edges_ws,335.4646,345.23,0.0000,336.5584,0.00,336.5584,0.06,1,OPTIMAL,2092,4003
2,3,2,300,heuristic,478.8200,0.13,,,,,0.13,2,HEURISTIC,,
2,3,2,300,edges,530.2680,1802.20,0.3224,551.9078,219.29,,0.13,2,SUBOPTIMAL,4348,8209
2,3,2,300,edges_ws,474.9776,1801.85,0.2005,478.8200,0.01,478.8200,0.13,2,SUBOPTIMAL,4348,8209
2,3,2,450,heuristic,426.5067,0.10,,,,,0.10,1,HEURISTIC,,
2,3,2,450,edges,,1800.24,,,,,0.10,,GSTATUS_9,4348,8209
2,3,2,450,edges_ws,426.0285,1800.55,0.2240,426.5067,0.01,426.5067,0.10,1,SUBOPTIMAL,4348,8209
2,3,2,600,heuristic,426.5067,0.09,,,,,0.09,1,HEURISTIC,,
2,3,2,600,edges,426.0285,1800.93,0.2152,437.1280,52.48,,0.09,1,SUBOPTIMAL,4348,8209
2,3,2,600,edges_ws,426.0285,1800.61,0.2126,426.5067,0.01,426.5067,0.09,1,SUBOPTIMAL,4348,8209
2,3,2,900,heuristic,426.5067,0.10,,,,,0.10,1,HEURISTIC,,
2,3,2,900,edges,426.4475,1801.73,0.2248,444.7326,24.64,,0.10,1,SUBOPTIMAL,4348,8209
2,3,2,900,edges_ws,426.0285,1800.43,0.2213,426.5067,0.01,426.5067,0.10,1,SUBOPTIMAL,4348,8209
2,3,2,1500,heuristic,426.5067,0.09,,,,,0.09,1,HEURISTIC,,
2,3,2,1500,edges,426.0372,1805.75,0.1433,466.4693,570.75,,0.09,1,SUBOPTIMAL,4348,8209
2,3,2,1500,edges_ws,426.0285,1800.54,0.2213,426.5067,0.01,426.5067,0.09,1,SUBOPTIMAL,4348,8209
2,3,2,2400,heuristic,426.5067,0.10,,,,,0.10,1,HEURISTIC,,
2,3,2,2400,edges,433.7208,1801.63,0.2329,440.0904,264.18,,0.10,1,SUBOPTIMAL,4348,8209
2,3,2,2400,edges_ws,426.0285,1800.35,0.1105,426.5067,0.01,426.5067,0.10,1,SUBOPTIMAL,4348,8209
2,3,3,300,heuristic,561.1666,0.16,,,,,0.16,2,HEURISTIC,,
2,3,3,300,edges,,1800.62,,,,,0.16,,GSTATUS_9,4348,8209
2,3,3,300,edges_ws,560.9447,1801.92,0.1831,561.1666,0.01,561.1666,0.16,2,SUBOPTIMAL,4348,8209
2,3,3,450,heuristic,517.5436,0.13,,,,,0.13,1,HEURISTIC,,
2,3,3,450,edges,576.5504,1802.63,0.2816,583.2346,162.02,,0.13,2,SUBOPTIMAL,4348,8209
2,3,3,450,edges_ws,517.1165,1801.05,0.2001,517.5436,0.01,517.5436,0.13,1,SUBOPTIMAL,4348,8209
2,3,3,600,heuristic,517.5436,0.10,,,,,0.10,1,HEURISTIC,,
2,3,3,600,edges,522.5952,1801.05,0.2008,550.8952,103.83,,0.10,1,SUBOPTIMAL,4348,8209
2,3,3,600,edges_ws,517.1165,1800.40,0.1997,517.5436,0.01,517.5436,0.10,1,SUBOPTIMAL,4348,8209
2,3,3,900,heuristic,517.5436,0.09,,,,,0.09,1,HEURISTIC,,
2,3,3,900,edges,520.5834,1800.36,0.2042,663.6958,525.79,,0.09,1,SUBOPTIMAL,4348,8209
2,3,3,900,edges_ws,517.1165,1800.88,0.1470,517.5436,0.01,517.5436,0.09,1,SUBOPTIMAL,4348,8209
2,3,3,1500,heuristic,517.5436,0.10,,,,,0.10,1,HEURISTIC,,
2,3,3,1500,edges,570.6520,1819.97,0.2387,636.8822,1512.43,,0.10,2,SUBOPTIMAL,4348,8209
2,3,3,1500,edges_ws,517.1165,1800.27,0.1502,517.5436,0.01,517.5436,0.10,1,SUBOPTIMAL,4348,8209
2,3,3,2400,heuristic,517.5436,0.09,,,,,0.09,1,HEURISTIC,,
2,3,3,2400,edges,522.9688,1801.25,0.2013,549.9489,124.33,,0.09,1,SUBOPTIMAL,4348,8209
2,3,3,2400,edges_ws,517.1165,1800.77,0.1993,517.5436,0.01,517.5436,0.09,1,SUBOPTIMAL,4348,8209
2,3,4,300,heuristic,525.5094,0.08,,,,,0.08,2,HEURISTIC,,
2,3,4,300,edges,509.0032,1800.90,0.1886,537.0702,53.90,,0.08,2,SUBOPTIMAL,3500,6631
2,3,4,300,edges_ws,498.7511,1801.48,0.1132,525.5094,0.01,525.5094,0.08,2,SUBOPTIMAL,3500,6631
2,3,4,450,heuristic,460.1073,0.08,,,,,0.08,1,HEURISTIC,,
2,3,4,450,edges,458.1819,1801.57,0.1242,486.3397,9.40,,0.08,1,SUBOPTIMAL,3500,6631
2,3,4,450,edges_ws,458.1819,1801.58,0.1067,460.1073,0.01,460.1073,0.08,1,SUBOPTIMAL,3500,6631
2,3,4,600,heuristic,460.1073,0.09,,,,,0.09,1,HEURISTIC,,
2,3,4,600,edges,458.2204,1800.55,0.1504,518.1418,21.09,,0.09,1,SUBOPTIMAL,3500,6631
2,3,4,600,edges_ws,458.1819,1801.33,0.1329,460.1073,0.01,460.1073,0.09,1,SUBOPTIMAL,3500,6631
2,3,4,900,heuristic,460.1073,0.14,,,,,0.14,1,HEURISTIC,,
2,3,4,900,edges,458.7882,1800.78,0.1693,473.7043,24.76,,0.14,1,SUBOPTIMAL,3500,6631
2,3,4,900,edges_ws,458.1819,1801.28,0.1155,460.1073,0.01,460.1073,0.14,1,SUBOPTIMAL,3500,6631
2,3,4,1500,heuristic,460.1073,0.11,,,,,0.11,1,HEURISTIC,,
2,3,4,1500,edges,501.7807,1800.89,0.2242,516.7303,20.15,,0.11,2,SUBOPTIMAL,3500,6631
2,3,4,1500,edges_ws,458.1819,1800.97,0.0888,460.1073,0.01,460.1073,0.11,1,SUBOPTIMAL,3500,6631
2,3,4,2400,heuristic,460.1073,0.08,,,,,0.08,1,HEURISTIC,,
2,3,4,2400,edges,501.4779,1800.98,0.2228,595.8505,30.04,,0.08,2,SUBOPTIMAL,3500,6631
2,3,4,2400,edges_ws,458.1819,1801.03,0.1151,460.1073,0.00,460.1073,0.08,1,SUBOPTIMAL,3500,6631
3,1,0,300,heuristic,362.8628,0.10,,,,,0.10,1,HEURISTIC,,
3,1,0,300,edges,362.6169,92.32,0.0000,376.7879,2.75,,0.10,1,OPTIMAL,2382,4907
3,1,0,300,edges_ws,362.6169,15.99,0.0000,362.8628,0.00,362.8628,0.10,1,OPTIMAL,2382,4907
3,1,0,450,heuristic,362.8628,0.06,,,,,0.06,1,HEURISTIC,,
3,1,0,450,edges,362.6169,148.92,0.0000,389.8134,0.47,,0.06,1,OPTIMAL,2382,4907
3,1,0,450,edges_ws,362.6169,24.20,0.0000,362.8628,0.00,362.8628,0.06,1,OPTIMAL,2382,4907
3,1,0,600,heuristic,362.8628,0.06,,,,,0.06,1,HEURISTIC,,
3,1,0,600,edges,362.6169,132.17,0.0000,395.8143,4.03,,0.06,1,OPTIMAL,2382,4907
3,1,0,600,edges_ws,362.6169,47.01,0.0000,362.8628,0.00,362.8628,0.06,1,OPTIMAL,2382,4907
3,1,0,900,heuristic,362.8628,0.06,,,,,0.06,1,HEURISTIC,,
3,1,0,900,edges,362.6169,18.22,0.0000,367.0616,2.35,,0.06,1,OPTIMAL,2382,4907
3,1,0,900,edges_ws,362.6169,28.76,0.0000,362.8628,0.00,362.8628,0.06,1,OPTIMAL,2382,4907
3,1,0,1500,heuristic,362.8628,0.06,,,,,0.06,1,HEURISTIC,,
3,1,0,1500,edges,362.6169,10.09,0.0000,465.1071,0.71,,0.06,1,OPTIMAL,2382,4907
3,1,0,1500,edges_ws,362.6169,15.88,0.0000,362.8628,0.00,362.8628,0.06,1,OPTIMAL,2382,4907
3,1,0,2400,heuristic,362.8628,0.08,,,,,0.08,1,HEURISTIC,,
3,1,0,2400,edges,362.6169,13.80,0.0000,465.1071,0.74,,0.08,1,OPTIMAL,2382,4907
3,1,0,2400,edges_ws,362.6169,32.86,0.0000,362.8628,0.00,362.8628,0.08,1,OPTIMAL,2382,4907
3,1,1,300,heuristic,493.9679,0.09,,,,,0.09,2,HEURISTIC,,
3,1,1,300,edges,479.6669,607.80,0.0000,518.8546,3.87,,0.09,2,OPTIMAL,2382,4907
3,1,1,300,edges_ws,479.6669,76.90,0.0000,493.9679,0.00,493.9679,0.09,2,OPTIMAL,2382,4907
3,1,1,450,heuristic,429.8663,0.06,,,,,0.06,1,HEURISTIC,,
3,1,1,450,edges,402.1711,463.20,0.0000,493.4026,3.17,,0.06,1,OPTIMAL,2382,4907
3,1,1,450,edges_ws,402.1711,75.90,0.0000,429.8663,0.00,429.8663,0.06,1,OPTIMAL,2382,4907
3,1,1,600,heuristic,429.8663,0.07,,,,,0.07,1,HEURISTIC,,
3,1,1,600,edges,402.1711,675.85,0.0000,460.8423,2.45,,0.07,1,OPTIMAL,2382,4907
3,1,1,600,edges_ws,402.1711,184.99,0.0000,429.8663,0.00,429.8663,0.07,1,OPTIMAL,2382,4907
3,1,1,900,heuristic,429.8663,0.07,,,,,0.07,1,HEURISTIC,,
3,1,1,900,edges,402.1711,685.92,0.0000,515.7328,2.80,,0.07,1,OPTIMAL,2382,4907
3,1,1,900,edges_ws,402.1711,317.42,0.0000,429.8663,0.00,429.8663,0.07,1,OPTIMAL,2382,4907
3,1,1,1500,heuristic,429.8663,0.06,,,,,0.06,1,HEURISTIC,,
3,1,1,1500,edges,402.1711,62.43,0.0000,433.3818,4.31,,0.06,1,OPTIMAL,2382,4907
3,1,1,1500,edges_ws,402.1711,72.66,0.0000,429.8663,0.00,429.8663,0.06,1,OPTIMAL,2382,4907
3,1,1,2400,heuristic,429.8663,0.07,,,,,0.07,1,HEURISTIC,,
3,1,1,2400,edges,402.1711,121.78,0.0000,469.6558,4.10,,0.07,1,OPTIMAL,2382,4907
3,1,1,2400,edges_ws,402.1711,283.11,0.0000,429.8663,0.00,429.8663,0.07,1,OPTIMAL,2382,4907
3,1,2,300,heuristic,394.2694,0.06,,,,,0.06,1,HEURISTIC,,
3,1,2,300,edges,394.1493,92.88,0.0000,694.4898,0.56,,0.06,1,OPTIMAL,2382,4907
3,1,2,300,edges_ws,394.1493,107.39,0.0000,394.2694,0.00,394.2694,0.06,1,OPTIMAL,2382,4907
3,1,2,450,heuristic,394.2694,0.06,,,,,0.06,1,HEURISTIC,,
3,1,2,450,edges,394.1493,188.90,0.0000,436.4721,1.98,,0.06,1,OPTIMAL,2382,4907
3,1,2,450,edges_ws,394.1493,48.01,0.0000,394.2694,0.00,394.2694,0.06,1,OPTIMAL,2382,4907
3,1,2,600,heuristic,394.2694,0.06,,,,,0.06,1,HEURISTIC,,
3,1,2,600,edges,394.1493,17.27,0.0000,557.7360,0.34,,0.06,1,OPTIMAL,2382,4907
3,1,2,600,edges_ws,394.1493,76.03,0.0000,394.2694,0.00,394.2694,0.06,1,OPTIMAL,2382,4907
3,1,2,900,heuristic,394.2694,0.06,,,,,0.06,1,HEURISTIC,,
3,1,2,900,edges,394.1493,176.09,0.0000,557.7360,0.33,,0.06,1,OPTIMAL,2382,4907
3,1,2,900,edges_ws,394.1493,56.01,0.0000,394.2694,0.00,394.2694,0.06,1,OPTIMAL,2382,4907
3,1,2,1500,heuristic,394.2694,0.06,,,,,0.06,1,HEURISTIC,,
3,1,2,1500,edges,394.1493,29.22,0.0000,410.5774,0.58,,0.06,1,OPTIMAL,2382,4907
3,1,2,1500,edges_ws,394.1493,177.81,0.0000,394.2694,0.00,394.2694,0.06,1,OPTIMAL,2382,4907
3,1,2,2400,heuristic,394.2694,0.07,,,,,0.07,1,HEURISTIC,,
3,1,2,2400,edges,394.1493,49.83,0.0000,398.6574,2.24,,0.07,1,OPTIMAL,2382,4907
3,1,2,2400,edges_ws,394.1493,20.30,0.0000,394.2694,0.00,394.2694,0.07,1,OPTIMAL,2382,4907
3,1,3,300,heuristic,387.7953,0.07,,,,,0.07,1,HEURISTIC,,
3,1,3,300,edges,372.5491,1800.94,0.0425,595.3972,7.28,,0.07,1,SUBOPTIMAL,3197,6559
3,1,3,300,edges_ws,372.5491,1800.99,0.0442,387.7953,0.00,387.7953,0.07,1,SUBOPTIMAL,3197,6559
3,1,3,450,heuristic,387.7953,0.07,,,,,0.07,1,HEURISTIC,,
3,1,3,450,edges,372.5491,1800.16,0.0304,496.6830,4.02,,0.07,1,SUBOPTIMAL,3197,6559
3,1,3,450,edges_ws,372.5491,1800.67,0.0131,387.7953,0.00,387.7953,0.07,1,SUBOPTIMAL,3197,6559
3,1,3,600,heuristic,387.7953,0.07,,,,,0.07,1,HEURISTIC,,
3,1,3,600,edges,372.5491,1801.37,0.0159,563.8291,0.52,,0.07,1,SUBOPTIMAL,3197,6559
3,1,3,600,edges_ws,372.5491,1801.13,0.0218,387.7953,0.00,387.7953,0.07,1,SUBOPTIMAL,3197,6559
3,1,3,900,heuristic,387.7953,0.09,,,,,0.09,1,HEURISTIC,,
3,1,3,900,edges,372.5491,1800.76,0.0346,563.8291,0.52,,0.09,1,SUBOPTIMAL,3197,6559
3,1,3,900,edges_ws,372.5491,1800.52,0.0261,387.7953,0.01,387.7953,0.09,1,SUBOPTIMAL,3197,6559
3,1,3,1500,heuristic,387.7953,0.08,,,,,0.08,1,HEURISTIC,,
3,1,3,1500,edges,372.5491,1800.66,0.0435,636.8607,6.69,,0.08,1,SUBOPTIMAL,3197,6559
3,1,3,1500,edges_ws,372.5491,1801.04,0.0350,387.7953,0.00,387.7953,0.08,1,SUBOPTIMAL,3197,6559
3,1,3,2400,heuristic,387.7953,0.08,,,,,0.08,1,HEURISTIC,,
3,1,3,2400,edges,372.5491,1801.44,0.0313,427.6610,13.80,,0.08,1,SUBOPTIMAL,3197,6559
3,1,3,2400,edges_ws,372.5491,1800.24,0.0300,387.7953,0.00,387.7953,0.08,1,SUBOPTIMAL,3197,6559
3,1,4,300,heuristic,580.6423,0.08,,,,,0.08,2,HEURISTIC,,
3,1,4,300,edges,420.2723,435.39,0.0000,428.2961,37.10,,0.08,1,OPTIMAL,2382,4907
3,1,4,300,edges_ws,420.2723,119.61,0.0000,580.6423,0.00,580.6423,0.08,1,OPTIMAL,2382,4907
3,1,4,450,heuristic,421.6621,0.06,,,,,0.06,1,HEURISTIC,,
3,1,4,450,edges,420.2270,833.73,0.0000,542.5604,2.33,,0.06,1,OPTIMAL,2382,4907
3,1,4,450,edges_ws,420.2270,944.28,0.0000,421.6621,0.00,421.6621,0.06,1,OPTIMAL,2382,4907
3,1,4,600,heuristic,421.6621,0.06,,,,,0.06,1,HEURISTIC,,
3,1,4,600,edges,420.2270,171.70,0.0000,436.7709,2.60,,0.06,1,OPTIMAL,2382,4907
3,1,4,600,edges_ws,420.2270,1800.61,0.0064,421.6621,0.00,421.6621,0.06,1,SUBOPTIMAL,2382,4907
3,1,4,900,heuristic,421.6621,0.07,,,,,0.07,1,HEURISTIC,,
3,1,4,900,edges,420.2270,130.21,0.0000,436.7709,2.56,,0.07,1,OPTIMAL,2382,4907
3,1,4,900,edges_ws,420.2270,1165.63,0.0000,421.6621,0.00,421.6621,0.07,1,OPTIMAL,2382,4907
3,1,4,1500,heuristic,421.6621,0.06,,,,,0.06,1,HEURISTIC,,
3,1,4,1500,edges,420.2270,115.59,0.0000,422.0514,2.09,,0.06,1,OPTIMAL,2382,4907
3,1,4,1500,edges_ws,420.2270,500.83,0.0000,421.6621,0.00,421.6621,0.06,1,OPTIMAL,2382,4907
3,1,4,2400,heuristic,421.6621,0.06,,,,,0.06,1,HEURISTIC,,
3,1,4,2400,edges,420.2270,62.82,0.0000,422.0514,2.07,,0.06,1,OPTIMAL,2382,4907
3,1,4,2400,edges_ws,420.2270,1490.41,0.0000,421.6621,0.00,421.6621,0.06,1,OPTIMAL,2382,4907
3,2,0,300,heuristic,552.6305,0.08,,,,,0.08,2,HEURISTIC,,
3,2,0,300,edges,521.9939,1800.71,0.2140,621.8517,7.03,,0.08,2,SUBOPTIMAL,4255,8707
3,2,0,300,edges_ws,519.1940,1802.55,0.2110,552.6305,0.01,552.6305,0.08,2,SUBOPTIMAL,4255,8707
3,2,0,450,heuristic,508.0849,0.09,,,,,0.09,1,HEURISTIC,,
3,2,0,450,edges,447.9150,1800.87,0.1035,507.5953,1.20,,0.09,1,SUBOPTIMAL,4255,8707
3,2,0,450,edges_ws,447.9150,1800.89,0.1023,508.0849,0.01,508.0849,0.09,1,SUBOPTIMAL,4255,8707
3,2,0,600,heuristic,508.0849,0.12,,,,,0.12,1,HEURISTIC,,
3,2,0,600,edges,447.9150,1800.80,0.1008,616.9533,11.73,,0.12,1,SUBOPTIMAL,4255,8707
3,2,0,600,edges_ws,447.9150,1801.11,0.0907,508.0849,0.01,508.0849,0.12,1,SUBOPTIMAL,4255,8707
3,2,0,900,heuristic,508.0849,0.13,,,,,0.13,1,HEURISTIC,,
3,2,0,900,edges,447.9150,1800.76,0.0907,499.7189,7.36,,0.13,1,SUBOPTIMAL,4255,8707
3,2,0,900,edges_ws,447.9150,1800.96,0.0995,508.0849,0.01,508.0849,0.13,1,SUBOPTIMAL,4255,8707
3,2,0,1500,heuristic,508.0849,0.09,,,,,0.09,1,HEURISTIC,,
3,2,0,1500,edges,447.9150,1800.29,0.0574,597.6360,1.63,,0.09,1,SUBOPTIMAL,4255,8707
3,2,0,1500,edges_ws,447.9150,1800.36,0.0995,508.0849,0.01,508.0849,0.09,1,SUBOPTIMAL,4255,8707
3,2,0,2400,heuristic,508.0849,0.09,,,,,0.09,1,HEURISTIC,,
3,2,0,2400,edges,447.9150,1800.86,0.1105,460.3189,11.49,,0.09,1,SUBOPTIMAL,4255,8707
3,2,0,2400,edges_ws,447.9150,1801.01,0.0808,508.0849,0.01,508.0849,0.09,1,SUBOPTIMAL,4255,8707
3,2,1,300,heuristic,583.0934,0.08,,,,,0.08,2,HEURISTIC,,
3,2,1,300,edges,535.8832,1802.95,0.1799,755.3719,1.61,,0.08,2,SUBOPTIMAL,4255,8707
3,2,1,300,edges_ws,549.1768,1803.45,0.2798,583.0934,0.01,583.0934,0.08,2,SUBOPTIMAL,4255,8707
3,2,1,450,heuristic,538.0915,0.09,,,,,0.09,1,HEURISTIC,,
3,2,1,450,edges,476.7986,1801.25,0.0474,850.2591,1.56,,0.09,1,SUBOPTIMAL,4255,8707
3,2,1,450,edges_ws,476.7986,1801.48,0.0525,538.0915,0.01,538.0915,0.09,1,SUBOPTIMAL,4255,8707
3,2,1,600,heuristic,538.0915,0.09,,,,,0.09,1,HEURISTIC,,
3,2,1,600,edges,507.2041,1800.20,0.1986,663.1751,210.73,,0.09,1,SUBOPTIMAL,4255,8707
3,2,1,600,edges_ws,476.7986,1800.85,0.1507,538.0915,0.01,538.0915,0.09,1,SUBOPTIMAL,4255,8707
3,2,1,900,heuristic,538.0915,0.11,,,,,0.11,1,HEURISTIC,,
3,2,1,900,edges,517.7089,1800.47,0.2509,604.1026,38.70,,0.11,1,SUBOPTIMAL,4255,8707
3,2,1,900,edges_ws,476.7986,1801.21,0.0590,538.0915,0.01,538.0915,0.11,1,SUBOPTIMAL,4255,8707
3,2,1,1500,heuristic,538.0915,0.08,,,,,0.08,1,HEURISTIC,,
3,2,1,1500,edges,476.7986,1800.98,0.0527,517.9949,49.35,,0.08,1,SUBOPTIMAL,4255,8707
3,2,1,1500,edges_ws,476.7986,1800.51,0.0669,538.0915,0.01,538.0915,0.08,1,SUBOPTIMAL,4255,8707
3,2,1,2400,heuristic,538.0915,0.14,,,,,0.14,1,HEURISTIC,,
3,2,1,2400,edges,585.4828,1800.54,0.3252,633.9957,90.47,,0.14,2,SUBOPTIMAL,4255,8707
3,2,1,2400,edges_ws,476.7986,1801.28,0.1191,538.0915,0.01,538.0915,0.14,1,SUBOPTIMAL,4255,8707
3,2,2,300,heuristic,631.7416,0.07,,,,,0.07,2,HEURISTIC,,
3,2,2,300,edges,566.1680,1800.83,0.0672,595.8976,6.09,,0.07,2,SUBOPTIMAL,3320,6813
3,2,2,300,edges_ws,566.1680,1801.47,0.0959,631.7416,0.01,631.7416,0.07,2,SUBOPTIMAL,3320,6813
3,2,2,450,heuristic,498.4545,0.08,,,,,0.08,1,HEURISTIC,,
3,2,2,450,edges,476.0029,1801.80,0.0773,548.3824,9.02,,0.08,1,SUBOPTIMAL,3320,6813
3,2,2,450,edges_ws,476.0029,1800.82,0.0557,498.4545,0.00,498.4545,0.08,1,SUBOPTIMAL,3320,6813
3,2,2,600,heuristic,498.4545,0.07,,,,,0.07,1,HEURISTIC,,
3,2,2,600,edges,476.0029,1800.57,0.0530,538.9734,6.40,,0.07,1,SUBOPTIMAL,3320,6813
3,2,2,600,edges_ws,476.0029,1801.47,0.0336,498.4545,0.00,498.4545,0.07,1,SUBOPTIMAL,3320,6813
3,2,2,900,heuristic,498.4545,0.08,,,,,0.08,1,HEURISTIC,,
3,2,2,900,edges,476.0029,1800.41,0.0734,493.1348,1.52,,0.08,1,SUBOPTIMAL,3320,6813
3,2,2,900,edges_ws,476.0029,1801.99,0.0441,498.4545,0.00,498.4545,0.08,1,SUBOPTIMAL,3320,6813
3,2,2,1500,heuristic,498.4545,0.08,,,,,0.08,1,HEURISTIC,,
3,2,2,1500,edges,476.0029,1800.81,0.0503,560.4244,5.40,,0.08,1,SUBOPTIMAL,3320,6813
3,2,2,1500,edges_ws,476.0029,1800.51,0.0451,498.4545,0.00,498.4545,0.08,1,SUBOPTIMAL,3320,6813
3,2,2,2400,heuristic,498.4545,0.08,,,,,0.08,1,HEURISTIC,,
3,2,2,2400,edges,476.0029,1801.55,0.0615,548.5163,4.98,,0.08,1,SUBOPTIMAL,3320,6813
3,2,2,2400,edges_ws,476.0029,1800.47,0.0719,498.4545,0.01,498.4545,0.08,1,SUBOPTIMAL,3320,6813
3,2,3,300,heuristic,553.2006,0.08,,,,,0.08,2,HEURISTIC,,
3,2,3,300,edges,500.1511,1801.41,0.2626,676.1513,19.62,,0.08,2,SUBOPTIMAL,4255,8707
3,2,3,300,edges_ws,500.1511,1801.79,0.1898,553.2006,0.01,553.2006,0.08,2,SUBOPTIMAL,4255,8707
3,2,3,450,heuristic,505.8625,0.10,,,,,0.10,1,HEURISTIC,,
3,2,3,450,edges,458.5156,1801.14,0.1902,588.2056,29.26,,0.10,1,SUBOPTIMAL,4255,8707
3,2,3,450,edges_ws,450.0630,1801.48,0.1290,505.8625,0.01,505.8625,0.10,1,SUBOPTIMAL,4255,8707
3,2,3,600,heuristic,505.8625,0.09,,,,,0.09,1,HEURISTIC,,
3,2,3,600,edges,460.1810,1801.27,0.1949,522.6378,14.24,,0.09,1,SUBOPTIMAL,4255,8707
3,2,3,600,edges_ws,454.2631,1802.18,0.1735,505.8625,0.01,505.8625,0.09,1,SUBOPTIMAL,4255,8707
3,2,3,900,heuristic,505.8625,0.09,,,,,0.09,1,HEURISTIC,,
3,2,3,900,edges,460.9341,1800.93,0.1816,630.6358,31.09,,0.09,1,SUBOPTIMAL,4255,8707
3,2,3,900,edges_ws,450.0630,1801.21,0.1617,505.8625,0.01,505.8625,0.09,1,SUBOPTIMAL,4255,8707
3,2,3,1500,heuristic,505.8625,0.12,,,,,0.12,1,HEURISTIC,,
3,2,3,1500,edges,450.0630,1800.95,0.1637,723.8411,1.13,,0.12,1,SUBOPTIMAL,4255,8707
3,2,3,1500,edges_ws,450.0630,1801.11,0.1701,505.8625,0.01,505.8625,0.12,1,SUBOPTIMAL,4255,8707
3,2,3,2400,heuristic,505.8625,0.09,,,,,0.09,1,HEURISTIC,,
3,2,3,2400,edges,454.6848,1801.76,0.1881,787.0774,6.50,,0.09,1,SUBOPTIMAL,4255,8707
3,2,3,2400,edges_ws,450.0992,1801.42,0.1554,505.8625,0.01,505.8625,0.09,1,SUBOPTIMAL,4255,8707
3,2,4,300,heuristic,697.1007,0.10,,,,,0.10,2,HEURISTIC,,
3,2,4,300,edges,535.9071,1800.96,0.0267,646.8211,29.44,,0.10,2,SUBOPTIMAL,3320,6813
3,2,4,300,edges_ws,535.9071,1801.05,0.0356,697.1007,0.01,697.1007,0.10,2,SUBOPTIMAL,3320,6813
3,2,4,450,heuristic,532.2539,0.08,,,,,0.08,1,HEURISTIC,,
3,2,4,450,edges,479.7204,1800.82,0.0565,605.9094,4.78,,0.08,1,SUBOPTIMAL,3320,6813
3,2,4,450,edges_ws,479.7204,1800.51,0.0537,532.2539,0.01,532.2539,0.08,1,SUBOPTIMAL,3320,6813
3,2,4,600,heuristic,532.2539,0.07,,,,,0.07,1,HEURISTIC,,
3,2,4,600,edges,479.7204,1800.55,0.0556,570.7565,6.77,,0.07,1,SUBOPTIMAL,3320,6813
3,2,4,600,edges_ws,479.7204,1800.99,0.0538,532.2539,0.01,532.2539,0.07,1,SUBOPTIMAL,3320,6813
3,2,4,900,heuristic,532.2539,0.07,,,,,0.07,1,HEURISTIC,,
3,2,4,900,edges,479.7204,1800.44,0.0604,559.9303,11.18,,0.07,1,SUBOPTIMAL,3320,6813
3,2,4,900,edges_ws,479.7204,1800.75,0.0523,532.2539,0.01,532.2539,0.07,1,SUBOPTIMAL,3320,6813
3,2,4,1500,heuristic,532.2539,0.08,,,,,0.08,1,HEURISTIC,,
3,2,4,1500,edges,479.7204,1800.58,0.0567,555.2825,10.86,,0.08,1,SUBOPTIMAL,3320,6813
3,2,4,1500,edges_ws,479.7204,1800.64,0.0473,532.2539,0.00,532.2539,0.08,1,SUBOPTIMAL,3320,6813
3,2,4,2400,heuristic,532.2539,0.07,,,,,0.07,1,HEURISTIC,,
3,2,4,2400,edges,479.7204,1800.10,0.0753,562.1280,19.69,,0.07,1,SUBOPTIMAL,3320,6813
3,2,4,2400,edges_ws,479.7204,1800.57,0.0527,532.2539,0.00,532.2539,0.07,1,SUBOPTIMAL,3320,6813
3,3,0,300,heuristic,659.4833,0.13,,,,,0.13,2,HEURISTIC,,
3,3,0,300,edges,,1800.49,,,,,0.13,,GSTATUS_9,7903,16091
3,3,0,300,edges_ws,638.3302,1801.76,0.1817,659.4833,0.01,659.4833,0.13,2,SUBOPTIMAL,7903,16091
3,3,0,450,heuristic,618.7041,0.18,,,,,0.18,2,HEURISTIC,,
3,3,0,450,edges,650.6433,1807.60,0.2848,817.1686,577.28,,0.18,2,SUBOPTIMAL,7903,16091
3,3,0,450,edges_ws,615.2810,1801.77,0.2472,618.7041,0.01,618.7041,0.18,2,SUBOPTIMAL,7903,16091
3,3,0,600,heuristic,552.2614,0.17,,,,,0.17,1,HEURISTIC,,
3,3,0,600,edges,600.9304,1800.89,0.2308,617.4893,493.71,,0.17,1,SUBOPTIMAL,7903,16091
3,3,0,600,edges_ws,551.6320,1800.33,0.1618,552.2614,0.01,552.2614,0.17,1,SUBOPTIMAL,7903,16091
3,3,0,900,heuristic,552.2614,0.12,,,,,0.12,1,HEURISTIC,,
3,3,0,900,edges,,1800.23,,,,,0.12,,GSTATUS_9,7903,16091
3,3,0,900,edges_ws,551.6316,1801.54,0.1602,552.2614,0.01,552.2614,0.12,1,SUBOPTIMAL,7903,16091
3,3,0,1500,heuristic,552.2614,0.14,,,,,0.14,1,HEURISTIC,,
3,3,0,1500,edges,,1800.20,,,,,0.14,,GSTATUS_9,7903,16091
3,3,0,1500,edges_ws,551.6320,1800.75,0.1228,552.2614,0.01,552.2614,0.14,1,SUBOPTIMAL,7903,16091
3,3,0,2400,heuristic,552.2614,0.16,,,,,0.16,1,HEURISTIC,,
3,3,0,2400,edges,,1801.13,,,,,0.16,,GSTATUS_9,7903,16091
3,3,0,2400,edges_ws,551.6320,1801.36,0.1619,552.2614,0.01,552.2614,0.16,1,SUBOPTIMAL,7903,16091
3,3,1,300,heuristic,637.2525,0.15,,,,,0.15,2,HEURISTIC,,
3,3,1,300,edges,770.3791,1806.14,0.3330,788.2612,310.41,,0.15,3,SUBOPTIMAL,6608,13475
3,3,1,300,edges_ws,632.2311,1802.50,0.1932,637.2525,0.01,637.2525,0.15,2,SUBOPTIMAL,6608,13475
3,3,1,450,heuristic,645.5501,0.15,,,,,0.15,2,HEURISTIC,,
3,3,1,450,edges,680.9926,1801.48,0.2509,745.1725,49.97,,0.15,3,SUBOPTIMAL,6608,13475
3,3,1,450,edges_ws,632.2312,1804.44,0.1960,645.5501,0.01,645.5501,0.15,2,SUBOPTIMAL,6608,13475
3,3,1,600,heuristic,610.4582,0.12,,,,,0.12,1,HEURISTIC,,
3,3,1,600,edges,624.3024,1800.64,0.2592,756.6859,1140.88,,0.12,1,SUBOPTIMAL,6608,13475
3,3,1,600,edges_ws,582.5375,1802.03,0.1855,610.4582,0.01,610.4582,0.12,1,SUBOPTIMAL,6608,13475
3,3,1,900,heuristic,610.4582,0.12,,,,,0.12,1,HEURISTIC,,
3,3,1,900,edges,603.2426,1803.60,0.2288,641.8911,697.67,,0.12,1,SUBOPTIMAL,6608,13475
3,3,1,900,edges_ws,596.6671,1801.93,0.2157,610.4582,0.01,610.4582,0.12,1,SUBOPTIMAL,6608,13475
3,3,1,1500,heuristic,610.4582,0.11,,,,,0.11,1,HEURISTIC,,
3,3,1,1500,edges,618.4815,1803.43,0.2476,646.7420,389.93,,0.11,1,SUBOPTIMAL,6608,13475
3,3,1,1500,edges_ws,596.9536,1801.67,0.2265,610.4582,0.01,610.4582,0.11,1,SUBOPTIMAL,6608,13475
3,3,1,2400,heuristic,610.4582,0.12,,,,,0.12,1,HEURISTIC,,
3,3,1,2400,edges,607.1905,1804.40,0.2393,744.5647,458.86,,0.12,1,SUBOPTIMAL,6608,13475
3,3,1,2400,edges_ws,596.6671,1802.86,0.2292,610.4582,0.01,610.4582,0.12,1,SUBOPTIMAL,6608,13475
3,3,2,300,heuristic,719.5114,0.11,,,,,0.11,2,HEURISTIC,,
3,3,2,300,edges,805.7349,1805.55,0.2944,921.0682,72.88,,0.11,3,SUBOPTIMAL,7903,16091
3,3,2,300,edges_ws,717.6486,1808.08,0.2078,719.5114,0.01,719.5114,0.11,2,SUBOPTIMAL,7903,16091
3,3,2,450,heuristic,677.3817,0.12,,,,,0.12,2,HEURISTIC,,
3,3,2,450,edges,671.5206,1800.12,0.2505,831.5202,75.87,,0.12,2,SUBOPTIMAL,7903,16091
3,3,2,450,edges_ws,669.4844,1800.63,0.2689,677.3817,0.01,677.3817,0.12,2,SUBOPTIMAL,7903,16091
3,3,2,600,heuristic,586.7519,0.12,,,,,0.12,1,HEURISTIC,,
3,3,2,600,edges,598.6722,1808.22,0.1871,606.8167,139.91,,0.12,1,SUBOPTIMAL,7903,16091
3,3,2,600,edges_ws,586.5700,1800.95,0.1806,586.7519,0.01,586.7519,0.12,1,SUBOPTIMAL,7903,16091
3,3,2,900,heuristic,586.7519,0.11,,,,,0.11,1,HEURISTIC,,
3,3,2,900,edges,588.8134,1810.73,0.1717,735.4706,204.89,,0.11,1,SUBOPTIMAL,7903,16091
3,3,2,900,edges_ws,586.5700,1800.59,0.1786,586.7519,0.01,586.7519,0.11,1,SUBOPTIMAL,7903,16091
3,3,2,1500,heuristic,586.7519,0.12,,,,,0.12,1,HEURISTIC,,
3,3,2,1500,edges,586.5717,1800.51,0.1763,634.9721,20.66,,0.12,1,SUBOPTIMAL,7903,16091
3,3,2,1500,edges_ws,586.5700,1800.82,0.1422,586.7519,0.01,586.7519,0.12,1,SUBOPTIMAL,7903,16091
3,3,2,2400,heuristic,586.7519,0.12,,,,,0.12,1,HEURISTIC,,
3,3,2,2400,edges,593.5876,1804.32,0.1903,694.6917,166.12,,0.12,1,SUBOPTIMAL,7903,16091
3,3,2,2400,edges_ws,586.5700,1801.67,0.1721,586.7519,0.01,586.7519,0.12,1,SUBOPTIMAL,7903,16091
3,3,3,300,heuristic,607.4390,0.16,,,,,0.16,2,HEURISTIC,,
3,3,3,300,edges,,1804.83,,,,,0.16,,GSTATUS_9,7903,16091
3,3,3,300,edges_ws,590.0494,1806.43,0.2201,607.4390,0.01,607.4390,0.16,2,SUBOPTIMAL,7903,16091
3,3,3,450,heuristic,638.9109,0.17,,,,,0.17,2,HEURISTIC,,
3,3,3,450,edges,,1803.04,,,,,0.17,,GSTATUS_9,7903,16091
3,3,3,450,edges_ws,603.0591,1802.18,0.3075,638.9109,0.01,638.9109,0.17,2,SUBOPTIMAL,7903,16091
3,3,3,600,heuristic,548.1366,0.18,,,,,0.18,1,HEURISTIC,,
3,3,3,600,edges,707.4869,1814.08,0.4094,781.4020,1078.54,,0.18,2,SUBOPTIMAL,7903,16091
3,3,3,600,edges_ws,547.4627,1801.30,0.2372,548.1366,0.02,548.1366,0.18,1,SUBOPTIMAL,7903,16091
3,3,3,900,heuristic,548.1366,0.20,,,,,0.20,1,HEURISTIC,,
3,3,3,900,edges,,1801.57,,,,,0.20,,GSTATUS_9,7903,16091
3,3,3,900,edges_ws,547.4627,1801.74,0.2372,548.1366,0.02,548.1366,0.20,1,SUBOPTIMAL,7903,16091
3,3,3,1500,heuristic,548.1366,0.12,,,,,0.12,1,HEURISTIC,,
3,3,3,1500,edges,,1800.12,,,,,0.12,,GSTATUS_9,7903,16091
3,3,3,1500,edges_ws,547.4627,1802.23,0.2372,548.1366,0.02,548.1366,0.12,1,SUBOPTIMAL,7903,16091
3,3,3,2400,heuristic,548.1366,0.19,,,,,0.19,1,HEURISTIC,,
3,3,3,2400,edges,,1800.07,,,,,0.19,,GSTATUS_9,7903,16091
3,3,3,2400,edges_ws,547.4627,1801.86,0.2372,548.1366,0.02,548.1366,0.19,1,SUBOPTIMAL,7903,16091
3,3,4,300,heuristic,700.8299,0.10,,,,,0.10,2,HEURISTIC,,
3,3,4,300,edges,640.8238,1804.26,0.3057,816.3791,567.54,,0.10,2,SUBOPTIMAL,6608,13475
3,3,4,300,edges_ws,630.2765,1800.79,0.2986,700.8299,0.01,700.8299,0.10,2,SUBOPTIMAL,6608,13475
3,3,4,450,heuristic,764.5926,0.14,,,,,0.14,2,HEURISTIC,,
3,3,4,450,edges,626.9271,1800.74,0.3336,698.0737,110.47,,0.14,2,SUBOPTIMAL,6608,13475
3,3,4,450,edges_ws,639.6598,1800.15,0.3704,764.5926,0.01,764.5926,0.14,2,SUBOPTIMAL,6608,13475
3,3,4,600,heuristic,634.3765,0.11,,,,,0.11,1,HEURISTIC,,
3,3,4,600,edges,620.1750,1805.46,0.3159,682.3749,146.90,,0.11,2,SUBOPTIMAL,6608,13475
3,3,4,600,edges_ws,563.9004,1800.94,0.2447,634.3765,0.01,634.3765,0.11,1,SUBOPTIMAL,6608,13475
3,3,4,900,heuristic,634.3765,0.10,,,,,0.10,1,HEURISTIC,,
3,3,4,900,edges,631.3749,1803.90,0.3239,811.6598,296.94,,0.10,2,SUBOPTIMAL,6608,13475
3,3,4,900,edges_ws,563.9004,1800.63,0.2519,634.3765,0.01,634.3765,0.10,1,SUBOPTIMAL,6608,13475
3,3,4,1500,heuristic,634.3765,0.11,,,,,0.11,1,HEURISTIC,,
3,3,4,1500,edges,623.9719,1807.83,0.2645,704.7771,547.66,,0.11,2,SUBOPTIMAL,6608,13475
3,3,4,1500,edges_ws,563.9004,1800.56,0.2447,634.3765,0.01,634.3765,0.11,1,SUBOPTIMAL,6608,13475
3,3,4,2400,heuristic,634.3765,0.11,,,,,0.11,1,HEURISTIC,,
3,3,4,2400,edges,580.6418,1800.63,0.2695,797.2158,96.85,,0.11,1,SUBOPTIMAL,6608,13475
3,3,4,2400,edges_ws,563.9004,1801.01,0.2445,634.3765,0.01,634.3765,0.11,1,SUBOPTIMAL,6608,13475
5,1,0,300,heuristic,990.8563,0.16,,,,,0.16,3,HEURISTIC,,
5,1,0,300,edges,1087.4429,1804.13,0.3649,1468.3844,35.22,,0.16,4,SUBOPTIMAL,10635,23643
5,1,0,300,edges_ws,990.0815,1803.67,0.3058,990.8563,0.02,990.8563,0.16,3,SUBOPTIMAL,10635,23643
5,1,0,450,heuristic,947.3841,0.16,,,,,0.16,2,HEURISTIC,,
5,1,0,450,edges,900.7020,1803.59,0.2426,1286.8398,4.94,,0.16,2,SUBOPTIMAL,10635,23643
5,1,0,450,edges_ws,947.0514,1801.51,0.2742,947.3841,0.02,947.3841,0.16,2,SUBOPTIMAL,10635,23643
5,1,0,600,heuristic,893.6944,0.12,,,,,0.12,2,HEURISTIC,,
5,1,0,600,edges,989.4563,1802.79,0.3094,1209.2848,162.52,,0.12,3,SUBOPTIMAL,10635,23643
5,1,0,600,edges_ws,891.2341,1807.93,0.2360,893.6944,0.02,893.6944,0.12,2,SUBOPTIMAL,10635,23643
5,1,0,900,heuristic,801.4281,0.15,,,,,0.15,1,HEURISTIC,,
5,1,0,900,edges,796.4334,1800.24,0.1346,995.6985,82.49,,0.15,1,SUBOPTIMAL,10635,23643
5,1,0,900,edges_ws,801.0185,1803.81,0.2180,801.4281,0.02,801.4281,0.15,1,SUBOPTIMAL,10635,23643
5,1,0,1500,heuristic,801.4281,0.12,,,,,0.12,1,HEURISTIC,,
5,1,0,1500,edges,796.4334,1800.94,0.1636,1373.2264,38.35,,0.12,1,SUBOPTIMAL,10635,23643
5,1,0,1500,edges_ws,796.4334,1801.08,0.1832,801.4281,0.02,801.4281,0.12,1,SUBOPTIMAL,10635,23643
5,1,0,2400,heuristic,801.4281,0.11,,,,,0.11,1,HEURISTIC,,
5,1,0,2400,edges,1073.2728,1801.47,0.4163,1350.7175,43.32,,0.11,4,SUBOPTIMAL,10635,23643
5,1,0,2400,edges_ws,801.0185,1802.24,0.2718,801.4281,0.02,801.4281,0.11,1,SUBOPTIMAL,10635,23643
5,1,1,300,heuristic,670.1982,0.10,,,,,0.10,2,HEURISTIC,,
5,1,1,300,edges,732.1294,1805.12,0.3735,1066.7818,104.48,,0.10,2,SUBOPTIMAL,8830,19659
5,1,1,300,edges_ws,669.2875,1802.71,0.3473,670.1982,0.01,670.1982,0.10,2,SUBOPTIMAL,8830,19659
5,1,1,450,heuristic,691.5248,0.11,,,,,0.11,2,HEURISTIC,,
5,1,1,450,edges,757.4723,1801.04,0.4080,993.1621,70.02,,0.11,3,SUBOPTIMAL,8830,19659
5,1,1,450,edges_ws,658.6202,1800.31,0.2856,691.5248,0.03,691.5248,0.11,2,SUBOPTIMAL,8830,19659
5,1,1,600,heuristic,593.7147,0.11,,,,,0.11,1,HEURISTIC,,
5,1,1,600,edges,599.3316,1800.87,0.1819,1125.5938,1.57,,0.11,1,SUBOPTIMAL,8830,19659
5,1,1,600,edges_ws,582.1422,1801.33,0.2015,593.7147,0.01,593.7147,0.11,1,SUBOPTIMAL,8830,19659
5,1,1,900,heuristic,593.7147,0.12,,,,,0.12,1,HEURISTIC,,
5,1,1,900,edges,581.4266,1804.66,0.2456,764.2423,1.34,,0.12,1,SUBOPTIMAL,8830,19659
5,1,1,900,edges_ws,581.4266,1802.97,0.2452,593.7147,0.01,593.7147,0.12,1,SUBOPTIMAL,8830,19659
5,1,1,1500,heuristic,593.7147,0.12,,,,,0.12,1,HEURISTIC,,
5,1,1,1500,edges,581.4079,1800.61,0.2439,764.2423,1.36,,0.12,1,SUBOPTIMAL,8830,19659
5,1,1,1500,edges_ws,582.1422,1802.10,0.1532,593.7147,0.01,593.7147,0.12,1,SUBOPTIMAL,8830,19659
5,1,1,2400,heuristic,593.7147,0.12,,,,,0.12,1,HEURISTIC,,
5,1,1,2400,edges,581.4079,1801.34,0.2145,764.2423,1.35,,0.12,1,SUBOPTIMAL,8830,19659
5,1,1,2400,edges_ws,582.1422,1804.26,0.1432,593.7147,0.02,593.7147,0.12,1,SUBOPTIMAL,8830,19659
5,1,2,300,heuristic,949.9223,0.14,,,,,0.14,3,HEURISTIC,,
5,1,2,300,edges,934.2406,1801.17,0.3875,1306.4310,26.37,,0.14,3,SUBOPTIMAL,8830,19659
5,1,2,300,edges_ws,825.9419,1803.18,0.2731,949.9223,0.01,949.9223,0.14,2,SUBOPTIMAL,8830,19659
5,1,2,450,heuristic,767.5418,0.11,,,,,0.11,2,HEURISTIC,,
5,1,2,450,edges,759.1503,1802.67,0.1873,835.2341,84.38,,0.11,2,SUBOPTIMAL,8830,19659
5,1,2,450,edges_ws,766.9756,1805.30,0.2939,767.5418,0.01,767.5418,0.11,2,SUBOPTIMAL,8830,19659
5,1,2,600,heuristic,630.9864,0.10,,,,,0.10,1,HEURISTIC,,
5,1,2,600,edges,750.7139,1800.67,0.2786,1135.4585,20.46,,0.10,2,SUBOPTIMAL,8830,19659
5,1,2,600,edges_ws,630.4511,1801.11,0.0388,630.9864,0.01,630.9864,0.10,1,SUBOPTIMAL,8830,19659
5,1,2,900,heuristic,630.9864,0.14,,,,,0.14,1,HEURISTIC,,
5,1,2,900,edges,766.0205,1802.57,0.3721,1177.1136,35.50,,0.14,2,SUBOPTIMAL,8830,19659
5,1,2,900,edges_ws,630.4511,1802.29,0.0365,630.9864,0.01,630.9864,0.14,1,SUBOPTIMAL,8830,19659
5,1,2,1500,heuristic,630.9864,0.10,,,,,0.10,1,HEURISTIC,,
5,1,2,1500,edges,630.4511,1801.33,0.1428,683.2528,12.38,,0.10,1,SUBOPTIMAL,8830,19659
5,1,2,1500,edges_ws,630.4511,1803.25,0.1175,630.9864,0.01,630.9864,0.10,1,SUBOPTIMAL,8830,19659
5,1,2,2400,heuristic,630.9864,0.16,,,,,0.16,1,HEURISTIC,,
5,1,2,2400,edges,630.4944,1802.08,0.1485,723.5832,20.19,,0.16,1,SUBOPTIMAL,8830,19659
5,1,2,2400,edges_ws,630.4511,1801.63,0.1139,630.9864,0.01,630.9864,0.16,1,SUBOPTIMAL,8830,19659
5,1,3,300,heuristic,979.6862,0.20,,,,,0.20,3,HEURISTIC,,
5,1,3,300,edges,1293.9755,1802.36,0.5078,1463.9612,290.14,,0.20,5,SUBOPTIMAL,10635,23643
5,1,3,300,edges_ws,971.4678,1803.67,0.3555,979.6862,0.02,979.6862,0.20,3,SUBOPTIMAL,10635,23643
5,1,3,450,heuristic,878.8144,0.12,,,,,0.12,2,HEURISTIC,,
5,1,3,450,edges,992.0336,1801.44,0.3681,1333.7856,148.30,,0.12,3,SUBOPTIMAL,10635,23643
5,1,3,450,edges_ws,876.5620,1803.21,0.2839,878.8144,0.02,878.8144,0.12,2,SUBOPTIMAL,10635,23643
5,1,3,600,heuristic,813.5463,0.13,,,,,0.13,2,HEURISTIC,,
5,1,3,600,edges,929.8269,1802.78,0.3412,1268.8094,151.84,,0.13,2,SUBOPTIMAL,10635,23643
5,1,3,600,edges_ws,812.5336,1805.45,0.2467,813.5463,0.02,813.5463,0.13,2,SUBOPTIMAL,10635,23643
5,1,3,900,heuristic,753.5669,0.12,,,,,0.12,1,HEURISTIC,,
5,1,3,900,edges,756.4643,1801.39,0.1969,1359.8310,107.70,,0.12,1,SUBOPTIMAL,10635,23643
5,1,3,900,edges_ws,730.0443,1802.80,0.1362,753.5669,0.02,753.5669,0.12,1,SUBOPTIMAL,10635,23643
5,1,3,1500,heuristic,753.5669,0.13,,,,,0.13,1,HEURISTIC,,
5,1,3,1500,edges,759.0790,1804.42,0.2046,817.1039,65.53,,0.13,1,SUBOPTIMAL,10635,23643
5,1,3,1500,edges_ws,750.8238,1802.29,0.1828,753.5669,0.02,753.5669,0.13,1,SUBOPTIMAL,10635,23643
5,1,3,2400,heuristic,753.5669,0.12,,,,,0.12,1,HEURISTIC,,
5,1,3,2400,edges,1023.7720,1803.74,0.4134,1259.9518,31.71,,0.12,3,SUBOPTIMAL,10635,23643
5,1,3,2400,edges_ws,730.0443,1801.61,0.1306,753.5669,0.02,753.5669,0.12,1,SUBOPTIMAL,10635,23643
5,1,4,300,heuristic,985.0772,0.18,,,,,0.18,3,HEURISTIC,,
5,1,4,300,edges,839.6432,1801.27,0.2086,1351.5590,16.06,,0.18,2,SUBOPTIMAL,8830,19659
5,1,4,300,edges_ws,914.0137,1802.08,0.3298,985.0772,0.01,985.0772,0.18,3,SUBOPTIMAL,8830,19659
5,1,4,450,heuristic,827.6970,0.15,,,,,0.15,2,HEURISTIC,,
5,1,4,450,edges,827.1352,1800.73,0.3422,1114.2878,29.96,,0.15,2,SUBOPTIMAL,8830,19659
5,1,4,450,edges_ws,826.9059,1801.90,0.3326,827.6970,0.01,827.6970,0.15,2,SUBOPTIMAL,8830,19659
5,1,4,600,heuristic,655.3215,0.15,,,,,0.15,1,HEURISTIC,,
5,1,4,600,edges,1197.1889,1803.48,0.5613,1205.8715,84.51,,0.15,4,SUBOPTIMAL,8830,19659
5,1,4,600,edges_ws,655.1314,1802.83,0.1620,655.3215,0.01,655.3215,0.15,1,SUBOPTIMAL,8830,19659
5,1,4,900,heuristic,655.3215,0.15,,,,,0.15,1,HEURISTIC,,
5,1,4,900,edges,698.6525,1802.23,0.2254,1370.7413,32.59,,0.15,1,SUBOPTIMAL,8830,19659
5,1,4,900,edges_ws,655.1314,1802.57,0.1472,655.3215,0.01,655.3215,0.15,1,SUBOPTIMAL,8830,19659
5,1,4,1500,heuristic,655.3215,0.11,,,,,0.11,1,HEURISTIC,,
5,1,4,1500,edges,764.5060,1808.48,0.2924,797.1568,345.40,,0.11,1,SUBOPTIMAL,8830,19659
5,1,4,1500,edges_ws,655.1314,1803.14,0.1458,655.3215,0.01,655.3215,0.11,1,SUBOPTIMAL,8830,19659
5,1,4,2400,heuristic,655.3215,0.11,,,,,0.11,1,HEURISTIC,,
5,1,4,2400,edges,655.2934,1803.49,0.1682,1280.4402,85.79,,0.11,1,SUBOPTIMAL,8830,19659
5,1,4,2400,edges_ws,655.1314,1802.25,0.1577,655.3215,0.01,655.3215,0.11,1,SUBOPTIMAL,8830,19659
5,2,0,300,heuristic,1365.9755,0.21,,,,,0.21,4,HEURISTIC,,
5,2,0,300,edges,,1801.27,,,,,0.21,,GSTATUS_9,19740,43689
5,2,0,300,edges_ws,1335.2035,1800.44,0.3244,1365.9755,0.03,1365.9755,0.21,4,SUBOPTIMAL,19740,43689
5,2,0,450,heuristic,1259.9079,0.17,,,,,0.17,3,HEURISTIC,,
5,2,0,450,edges,,1803.36,,,,,0.17,,GSTATUS_9,19740,43689
5,2,0,450,edges_ws,1229.5633,1800.81,0.3068,1259.9079,0.03,1259.9079,0.17,3,SUBOPTIMAL,19740,43689
5,2,0,600,heuristic,1183.1082,0.24,,,,,0.24,2,HEURISTIC,,
5,2,0,600,edges,,1802.13,,,,,0.24,,GSTATUS_9,19740,43689
5,2,0,600,edges_ws,1154.1863,1801.21,0.2646,1183.1082,0.03,1183.1082,0.24,2,SUBOPTIMAL,19740,43689
5,2,0,900,heuristic,1150.1903,0.24,,,,,0.24,2,HEURISTIC,,
5,2,0,900,edges,,1800.34,,,,,0.24,,GSTATUS_9,19740,43689
5,2,0,900,edges_ws,1101.4641,1800.09,0.2748,1150.1903,0.03,1150.1903,0.24,2,SUBOPTIMAL,19740,43689
5,2,0,1500,heuristic,1122.7359,0.19,,,,,0.19,1,HEURISTIC,,
5,2,0,1500,edges,,1800.10,,,,,0.19,,GSTATUS_9,19740,43689
5,2,0,1500,edges_ws,1051.6025,1800.61,0.2405,1122.7359,0.03,1122.7359,0.19,1,SUBOPTIMAL,19740,43689
5,2,0,2400,heuristic,1122.7359,0.18,,,,,0.18,1,HEURISTIC,,
5,2,0,2400,edges,1069.1182,1801.97,0.2587,1734.3236,5.20,,0.18,1,SUBOPTIMAL,19740,43689
5,2,0,2400,edges_ws,1056.9578,1800.73,0.2463,1122.7359,0.03,1122.7359,0.18,1,SUBOPTIMAL,19740,43689
5,2,1,300,heuristic,893.6318,0.19,,,,,0.19,3,HEURISTIC,,
5,2,1,300,edges,,1803.67,,,,,0.19,,GSTATUS_9,14954,33141
5,2,1,300,edges_ws,854.6603,1801.43,0.4735,893.6318,0.03,893.6318,0.19,3,SUBOPTIMAL,14954,33141
5,2,1,450,heuristic,780.0235,0.15,,,,,0.15,2,HEURISTIC,,
5,2,1,450,edges,,1803.05,,,,,0.15,,GSTATUS_9,14954,33141
5,2,1,450,edges_ws,744.3295,1801.05,0.4584,780.0235,0.02,780.0235,0.15,2,SUBOPTIMAL,14954,33141
5,2,1,600,heuristic,726.2850,0.25,,,,,0.25,2,HEURISTIC,,
5,2,1,600,edges,,1800.66,,,,,0.25,,GSTATUS_9,14954,33141
5,2,1,600,edges_ws,693.1756,1800.78,0.3422,725.8378,10.51,726.2850,0.25,1,SUBOPTIMAL,14954,33141
5,2,1,900,heuristic,729.3500,0.18,,,,,0.18,1,HEURISTIC,,
5,2,1,900,edges,,1802.89,,,,,0.18,,GSTATUS_9,14954,33141
5,2,1,900,edges_ws,692.6509,1801.89,0.3477,729.3500,0.02,729.3500,0.18,1,SUBOPTIMAL,14954,33141
5,2,1,1500,heuristic,729.3500,0.17,,,,,0.17,1,HEURISTIC,,
5,2,1,1500,edges,696.9150,1800.67,0.3441,1024.3661,4.72,,0.17,1,SUBOPTIMAL,14954,33141
5,2,1,1500,edges_ws,695.5796,1800.59,0.3970,729.3500,0.03,729.3500,0.17,1,SUBOPTIMAL,14954,33141
5,2,1,2400,heuristic,729.3500,0.17,,,,,0.17,1,HEURISTIC,,
5,2,1,2400,edges,678.3281,1800.64,0.3467,1024.3661,4.61,,0.17,1,SUBOPTIMAL,14954,33141
5,2,1,2400,edges_ws,676.8505,1801.11,0.3232,729.3500,0.02,729.3500,0.17,1,SUBOPTIMAL,14954,33141
5,2,2,300,heuristic,1079.7607,0.12,,,,,0.12,3,HEURISTIC,,
5,2,2,300,edges,1155.2895,1801.04,0.5126,1636.5831,858.28,,0.12,3,SUBOPTIMAL,10840,24065
5,2,2,300,edges_ws,1010.5060,1801.53,0.4656,1079.7607,0.02,1079.7607,0.12,3,SUBOPTIMAL,10840,24065
5,2,2,450,heuristic,907.3340,0.13,,,,,0.13,2,HEURISTIC,,
5,2,2,450,edges,1015.7536,1801.26,0.4601,1064.8251,548.81,,0.13,2,SUBOPTIMAL,10840,24065
5,2,2,450,edges_ws,901.6029,1800.97,0.3941,907.3340,0.02,907.3340,0.13,2,SUBOPTIMAL,10840,24065
5,2,2,600,heuristic,918.7131,0.25,,,,,0.25,2,HEURISTIC,,
5,2,2,600,edges,721.6578,1800.71,0.2607,1367.2343,3.08,,0.25,1,SUBOPTIMAL,10840,24065
5,2,2,600,edges_ws,721.6578,1801.20,0.2441,918.7131,0.02,918.7131,0.25,1,SUBOPTIMAL,10840,24065
5,2,2,900,heuristic,744.6953,0.12,,,,,0.12,1,HEURISTIC,,
5,2,2,900,edges,836.9914,1809.11,0.3487,1061.9684,497.23,,0.12,1,SUBOPTIMAL,10840,24065
5,2,2,900,edges_ws,724.8398,1801.73,0.2347,744.6953,0.02,744.6953,0.12,1,SUBOPTIMAL,10840,24065
5,2,2,1500,heuristic,744.6953,0.12,,,,,0.12,1,HEURISTIC,,
5,2,2,1500,edges,729.2618,1802.39,0.2943,996.4562,206.20,,0.12,1,SUBOPTIMAL,10840,24065
5,2,2,1500,edges_ws,724.8374,1800.57,0.2461,744.6953,0.02,744.6953,0.12,1,SUBOPTIMAL,10840,24065
5,2,2,2400,heuristic,744.6953,0.12,,,,,0.12,1,HEURISTIC,,
5,2,2,2400,edges,804.6507,1805.16,0.3412,1388.4519,446.49,,0.12,1,SUBOPTIMAL,10840,24065
5,2,2,2400,edges_ws,724.8398,1801.85,0.2345,744.6953,0.03,744.6953,0.12,1,SUBOPTIMAL,10840,24065
5,2,3,300,heuristic,1260.5504,0.25,,,,,0.25,4,HEURISTIC,,
5,2,3,300,edges,,1805.49,,,,,0.25,,GSTATUS_9,22385,49515
5,2,3,300,edges_ws,1229.4695,1800.82,0.4108,1260.5504,0.03,1260.5504,0.25,3,SUBOPTIMAL,22385,49515
5,2,3,450,heuristic,1250.5409,0.18,,,,,0.18,3,HEURISTIC,,
5,2,3,450,edges,,1806.86,,,,,0.18,,GSTATUS_9,22385,49515
5,2,3,450,edges_ws,1196.9332,1800.60,0.4042,1250.5409,0.04,1250.5409,0.18,3,SUBOPTIMAL,22385,49515
5,2,3,600,heuristic,1115.1043,0.23,,,,,0.23,2,HEURISTIC,,
5,2,3,600,edges,,1802.00,,,,,0.23,,GSTATUS_9,22385,49515
5,2,3,600,edges_ws,1075.4977,1800.95,0.3186,1115.1043,0.03,1115.1043,0.23,2,SUBOPTIMAL,22385,49515
5,2,3,900,heuristic,1015.9573,0.24,,,,,0.24,1,HEURISTIC,,
5,2,3,900,edges,,1800.17,,,,,0.24,,GSTATUS_9,22385,49515
5,2,3,900,edges_ws,977.3953,1800.63,0.3036,1015.9573,0.04,1015.9573,0.24,1,SUBOPTIMAL,22385,49515
5,2,3,1500,heuristic,1015.9573,0.20,,,,,0.20,1,HEURISTIC,,
5,2,3,1500,edges,,1805.43,,,,,0.20,,GSTATUS_9,22385,49515
5,2,3,1500,edges_ws,954.4021,1800.54,0.2868,1015.9573,0.03,1015.9573,0.20,1,SUBOPTIMAL,22385,49515
5,2,3,2400,heuristic,1015.9573,0.20,,,,,0.20,1,HEURISTIC,,
5,2,3,2400,edges,,1800.72,,,,,0.20,,GSTATUS_9,22385,49515
5,2,3,2400,edges_ws,971.2274,1801.14,0.2992,1015.9573,0.03,1015.9573,0.20,1,SUBOPTIMAL,22385,49515
5,2,4,300,heuristic,1328.9892,0.21,,,,,0.21,4,HEURISTIC,,
5,2,4,300,edges,,1800.94,,,,,0.21,,GSTATUS_9,17263,38231
5,2,4,300,edges_ws,1113.9620,1800.57,0.4367,1328.9892,0.03,1328.9892,0.21,3,SUBOPTIMAL,17263,38231
5,2,4,450,heuristic,1056.8659,0.24,,,,,0.24,2,HEURISTIC,,
5,2,4,450,edges,,1806.59,,,,,0.24,,GSTATUS_9,17263,38231
5,2,4,450,edges_ws,1020.4873,1801.17,0.3852,1056.8659,0.03,1056.8659,0.24,2,SUBOPTIMAL,17263,38231
5,2,4,600,heuristic,1021.9481,0.17,,,,,0.17,2,HEURISTIC,,
5,2,4,600,edges,,1808.61,,,,,0.17,,GSTATUS_9,17263,38231
5,2,4,600,edges_ws,981.3354,1800.26,0.4173,1021.9481,0.03,1021.9481,0.17,2,SUBOPTIMAL,17263,38231
5,2,4,900,heuristic,867.6893,0.17,,,,,0.17,1,HEURISTIC,,
5,2,4,900,edges,,1801.50,,,,,0.17,,GSTATUS_9,17263,38231
5,2,4,900,edges_ws,829.3550,1802.12,0.3167,867.6893,0.03,867.6893,0.17,1,SUBOPTIMAL,17263,38231
5,2,4,1500,heuristic,867.6893,0.16,,,,,0.16,1,HEURISTIC,,
5,2,4,1500,edges,,1802.49,,,,,0.16,,GSTATUS_9,17263,38231
5,2,4,1500,edges_ws,829.3550,1801.15,0.3167,867.6893,0.03,867.6893,0.16,1,SUBOPTIMAL,17263,38231
5,2,4,2400,heuristic,867.6893,0.17,,,,,0.17,1,HEURISTIC,,
5,2,4,2400,edges,,1800.23,,,,,0.17,,GSTATUS_9,17263,38231
5,2,4,2400,edges_ws,829.3749,1800.69,0.3167,867.6893,0.03,867.6893,0.17,1,SUBOPTIMAL,17263,38231
5,3,0,300,heuristic,1711.5423,0.73,,,,,0.73,6,HEURISTIC,,
5,3,0,300,edges,,1805.48,,,,,0.73,,GSTATUS_9,38335,84607
5,3,0,300,edges_ws,,1813.62,,,,1711.5423,0.73,,GSTATUS_9,38335,84607
5,3,0,450,heuristic,1484.5999,0.24,,,,,0.24,3,HEURISTIC,,
5,3,0,450,edges,,1803.46,,,,,0.24,,GSTATUS_9,38335,84607
5,3,0,450,edges_ws,1481.7011,1801.16,0.2355,1484.5999,0.09,1484.5999,0.24,3,SUBOPTIMAL,38335,84607
5,3,0,600,heuristic,1540.3681,0.25,,,,,0.25,3,HEURISTIC,,
5,3,0,600,edges,,1803.76,,,,,0.25,,GSTATUS_9,38335,84607
5,3,0,600,edges_ws,1539.1099,1800.68,0.2676,1540.3681,0.13,1540.3681,0.25,3,SUBOPTIMAL,38335,84607
5,3,0,900,heuristic,1441.7336,0.29,,,,,0.29,2,HEURISTIC,,
5,3,0,900,edges,,1802.81,,,,,0.29,,GSTATUS_9,38335,84607
